Player_Id,college_id
0,0
1,1
2,2
3,3
4,4
5,5
6,6
7,7
8,8
9,9
10,10
11,11
12,12
13,13
14,14
15,15
16,16
17,17
18,18
19,19
20,20
21,2
22,21
23,22
24,23
25,24
26,25
27,26
28,27
29,2
30,28
31,4
32,29
33,30
34,31
35,32
36,9
37,33
38,34
39,35
40,36
41,0
42,37
43,26
44,9
45,28
46,38
47,24
48,28
49,39
50,39
51,40
52,41
53,42
54,43
55,43
56,1
57,39
58,6
59,19
60,44
61,45
62,0
63,38
64,46
65,19
66,47
67,2
68,48
69,36
70,27
71,49
72,50
73,51
74,52
75,49
76,2
77,53
78,54
79,37
80,55
81,56
82,57
83,58
84,59
85,52
86,4
87,60
88,9
89,4
90,61
91,10
92,62
93,63
94,64
95,65
96,24
97,6
98,66
99,67
100,16
101,41
102,39
103,56
104,30
105,2
106,68
107,35
108,69
109,37
110,5
111,56
112,56
113,43
114,9
115,30
116,2
117,70
118,9
119,9
120,71
121,9
122,23
123,72
124,73
125,52
126,9
127,6
128,4
129,31
130,1
131,35
132,19
133,48
134,74
135,19
136,2
137,48
138,75
139,1
140,4
141,11
142,6
143,76
144,27
145,0
146,46
147,38
148,77
149,36
150,28
151,78
152,22
153,9
154,10
155,70
156,79
157,6
158,40
159,80
160,4
161,52
162,38
163,35
164,19
165,21
166,53
167,9
168,81
169,11
170,0
171,82
172,83
173,9
174,19
175,19
176,24
177,28
179,46
180,84
181,42
182,85
183,36
184,25
185,9
186,86
187,9
188,21
189,19
190,0
191,87
192,2
193,88
194,38
195,87
196,89
197,2
198,44
199,52
200,65
201,16
202,9
203,90
204,73
205,91
206,57
207,40
208,72
209,9
210,2
211,92
212,46
213,38
214,0
215,93
216,0
217,94
218,7
219,6
220,62
221,95
222,89
223,5
224,9
225,35
226,96
227,9
228,24
229,97
230,98
231,20
232,2
233,9
234,72
235,96
236,38
237,99
238,2
239,36
240,42
241,92
242,73
243,42
244,34
245,17
246,77
247,46
248,54
249,54
250,81
251,28
252,41
253,0
254,10
255,21
256,92
257,56
258,73
259,51
260,89
261,92
262,10
263,72
264,47
265,3
266,100
267,101
268,7
269,4
270,9
271,24
272,10
273,65
274,9
275,19
276,38
277,0
278,102
279,87
280,103
281,77
282,74
283,9
284,10
285,104
286,65
287,105
288,19
289,101
290,42
291,34
292,9
293,106
294,9
295,41
296,36
297,107
298,25
299,24
300,108
301,109
302,38
303,36
304,28
305,110
306,9
307,111
308,112
309,40
310,46
311,19
312,54
313,113
314,10
315,39
316,12
317,97
318,67
319,9
320,4
321,114
322,92
323,21
324,21
325,89
326,6
327,62
328,35
329,115
330,9
331,9
332,116
333,43
334,92
335,52
336,77
337,19
338,22
339,117
340,118
341,24
342,70
343,119
344,6
345,99
346,120
347,49
348,121
349,9
350,2
351,92
352,20
353,9
354,9
355,5
356,56
357,122
358,48
359,123
360,44
361,27
362,124
363,125
364,2
365,19
366,89
367,9
368,126
369,46
370,54
371,123
372,23
373,80
374,22
375,5
376,24
377,6
378,66
379,34
380,9
381,9
382,9
383,9
384,6
385,122
386,28
387,72
388,62
389,10
390,40
391,28
392,127
393,128
394,129
395,47
396,22
397,105
398,3
399,1
400,130
401,39
402,3
403,9
404,109
405,24
406,58
407,19
408,64
409,47
410,131
411,74
412,22
413,120
414,92
415,47
416,74
417,71
418,23
419,42
420,24
421,9
422,9
423,59
424,49
425,19
426,92
427,73
428,2
429,0
430,116
431,9
432,121
433,97
434,35
435,2
436,25
437,97
438,42
439,52
440,9
441,74
442,62
443,36
444,132
445,24
446,30
447,131
448,27
449,1
450,46
451,9
452,28
453,0
454,113
455,133
456,9
457,47
458,77
459,56
460,44
461,24
462,134
463,40
464,44
465,27
466,116
467,135
468,7
469,106
470,9
471,136
472,1
473,137
474,16
475,24
476,42
477,99
478,21
479,90
480,123
481,100
482,92
483,21
484,86
485,20
486,135
487,2
488,138
489,1
490,65
491,48
492,38
493,38
494,42
495,139
496,140
497,72
498,103
499,16
500,24
501,31
502,72
503,9
504,99
505,141
506,19
507,105
508,0
509,92
510,65
511,24
512,108
513,142
514,101
515,143
516,113
517,144
518,28
519,4
520,71
521,140
522,20
523,72
524,48
525,97
526,36
527,98
528,97
529,73
530,122
531,9
532,3
533,46
534,25
535,28
536,41
537,48
538,4
539,73
540,27
541,129
542,24
543,145
544,23
545,39
546,146
547,4
548,40
549,38
550,20
551,34
552,126
553,41
554,39
555,77
556,41
557,47
558,92
559,66
560,92
561,24
562,147
563,99
564,148
565,93
566,33
567,29
568,113
569,51
570,136
571,51
572,62
573,59
574,89
575,23
576,149
577,115
578,35
579,141
580,38
581,150
582,151
583,152
584,11
585,38
586,73
587,92
588,5
589,30
590,153
591,15
592,30
593,9
594,72
595,140
596,52
597,89
598,154
599,16
600,102
601,2
602,155
603,147
604,66
605,156
606,156
607,71
608,28
609,4
610,9
611,108
612,157
613,122
614,92
615,9
616,29
617,120
618,158
619,48
620,47
621,9
622,19
623,142
624,29
625,148
626,9
627,81
628,6
629,135
630,38
631,158
632,159
633,42
634,72
635,160
636,131
637,6
638,59
639,19
640,112
641,19
642,4
643,43
644,123
645,72
646,38
647,136
648,143
649,4
650,72
651,49
652,98
653,4
654,25
655,123
656,10
657,97
658,89
659,35
660,62
661,105
662,17
663,27
664,42
665,39
666,161
667,120
668,4
669,97
670,162
671,73
672,96
673,163
674,75
675,27
676,113
677,9
678,15
679,164
680,36
681,10
682,2
683,148
684,120
685,9
686,39
687,9
688,19
689,47
690,23
691,81
692,12
694,9
695,67
696,9
697,72
698,70
699,135
700,120
701,20
702,36
703,9
704,108
705,56
706,19
707,56
708,165
709,46
710,4
711,166
712,6
713,167
714,12
715,56
716,38
717,168
718,9
719,131
720,65
721,154
722,9
723,139
724,148
725,9
726,25
727,40
728,169
729,98
730,0
731,29
732,5
733,17
734,73
735,170
736,92
737,49
738,97
739,67
740,10
741,38
742,90
743,77
744,58
745,38
746,89
747,171
748,7
749,21
750,22
751,57
752,169
753,77
754,39
755,172
756,6
757,40
758,173
759,20
760,3
761,38
762,41
763,3
764,172
765,39
766,72
767,0
768,23
769,65
770,135
771,92
772,38
773,124
774,135
775,36
776,9
777,27
778,4
779,174
780,73
781,77
782,73
783,98
784,24
785,74
786,47
787,102
788,38
789,106
790,9
791,136
792,48
793,9
794,141
795,28
796,72
797,28
798,175
799,49
800,20
801,22
802,83
803,42
804,9
805,29
806,66
807,3
808,24
809,7
810,59
811,85
812,89
813,101
814,6
815,135
816,41
817,5
818,176
819,30
820,72
821,113
822,59
823,177
824,36
825,61
826,9
827,120
828,34
829,85
830,145
831,137
832,97
833,11
834,4
835,47
836,23
837,141
838,19
839,5
840,167
841,116
842,16
843,9
844,97
845,178
846,86
847,25
848,74
849,179
850,2
851,180
852,135
853,122
854,138
855,123
856,9
857,4
858,56
859,56
860,181
861,162
862,65
863,4
864,65
865,182
866,183
867,123
868,141
869,27
870,53
871,184
872,70
873,128
874,24
875,36
876,97
877,97
878,92
879,177
880,185
881,97
882,23
883,66
884,25
885,28
886,39
887,64
888,6
889,20
890,34
891,35
892,36
893,113
894,113
895,44
896,59
897,47
898,28
899,62
900,83
901,31
902,2
903,28
904,186
905,77
906,167
907,44
908,19
909,39
910,9
911,137
912,29
913,28
914,31
915,34
916,24
917,65
918,85
919,99
920,77
921,24
922,92
923,81
924,34
925,19
926,49
927,128
928,35
929,65
930,73
931,187
932,28
933,20
934,0
935,1
936,71
937,62
938,73
939,6
940,188
941,77
942,54
943,64
944,189
945,44
946,98
947,44
948,120
949,123
950,87
951,56
952,29
953,89
954,73
955,116
956,9
957,29
958,75
959,4
960,99
961,140
962,136
963,5
964,9
965,90
966,92
967,62
968,156
969,81
970,24
971,130
972,42
973,190
974,36
975,48
976,24
977,25
978,5
979,64
980,120
981,20
982,147
983,4
984,24
985,6
986,9
987,123
988,21
989,1
990,46
991,44
992,5
993,38
994,56
995,7
996,42
997,72
998,42
999,99
1000,73
1001,135
1002,169
1003,46
1004,39
1005,191
1006,0
1007,24
1008,120
1009,71
1010,20
1011,9
1012,38
1013,74
1014,74
1015,29
1016,22
1017,72
1018,16
1019,48
1020,154
1021,92
1022,47
1023,9
1024,167
1025,192
1026,21
1027,77
1028,39
1029,9
1030,16
1031,56
1032,55
1033,193
1034,9
1036,45
1037,123
1038,44
1039,9
1040,54
1041,135
1042,81
1043,113
1044,156
1045,24
1046,107
1047,124
1048,9
1049,24
1050,173
1051,98
1052,151
1053,194
1054,9
1055,92
1056,77
1057,16
1058,195
1059,4
1060,102
1061,194
1062,196
1063,197
1064,124
1065,9
1066,72
1067,198
1068,9
1069,70
1070,81
1071,31
1072,24
1073,38
1074,16
1075,2
1076,28
1077,77
1078,121
1079,105
1080,0
1081,57
1082,59
1083,131
1084,4
1085,66
1086,72
1087,199
1088,3
1089,36
1090,72
1091,123
1092,71
1093,128
1094,140
1095,89
1096,106
1097,189
1098,20
1099,54
1100,39
1101,105
1102,42
1103,4
1104,74
1105,20
1106,1
1107,34
1108,178
1109,39
1110,38
1111,38
1112,72
1113,80
1114,9
1115,70
1116,0
1117,9
1118,0
1119,103
1120,4
1121,200
1122,35
1123,36
1124,122
1125,83
1126,2
1127,3
1128,9
1129,62
1130,100
1131,36
1132,0
1133,128
1134,20
1135,64
1136,201
1137,49
1138,9
1139,64
1140,62
1141,6
1142,81
1143,112
1144,64
1145,128
1146,89
1147,39
1148,105
1149,9
1150,81
1151,24
1152,62
1153,140
1154,19
1155,73
1156,202
1157,0
1158,0
1159,203
1160,90
1161,177
1162,34
1163,0
1164,204
1165,116
1166,73
1167,102
1168,99
1169,48
1170,4
1171,39
1172,86
1173,28
1174,24
1175,9
1176,9
1177,11
1178,51
1179,28
1180,34
1181,164
1182,73
1183,19
1184,205
1185,74
1186,89
1187,4
1188,122
1189,120
1190,25
1191,9
1192,74
1193,135
1194,4
1195,86
1196,36
1197,126
1198,24
1199,72
1200,72
1201,206
1202,11
1203,44
1204,123
1205,19
1206,31
1207,9
1208,169
1209,20
1210,9
1211,105
1212,207
1213,49
1214,143
1215,123
1216,34
1217,9
1218,65
1219,99
1220,133
1221,30
1222,9
1223,56
1224,10
1225,42
1226,92
1227,19
1228,35
1229,92
1230,28
1231,87
1232,35
1233,28
1234,70
1235,23
1236,98
1237,10
1238,9
1239,20
1240,208
1241,39
1242,120
1243,6
1244,167
1245,179
1246,26
1247,40
1248,40
1249,9
1250,9
1251,90
1252,9
1253,126
1254,18
1255,30
1256,72
1257,66
1258,73
1259,21
1260,9
1261,2
1262,27
1263,23
1264,92
1265,62
1266,20
1267,86
1268,34
1269,209
1270,21
1271,100
1272,78
1273,144
1274,0
1275,128
1276,99
1277,81
1278,157
1279,96
1280,16
1281,30
1282,210
1283,59
1284,40
1285,0
1286,99
1287,49
1288,39
1289,70
1290,3
1291,38
1292,10
1293,116
1294,54
1295,123
1296,31
1297,148
1298,0
1299,26
1300,136
1301,29
1302,27
1304,44
1305,31
1306,1
1307,26
1308,90
1309,9
1310,74
1311,197
1312,25
1313,41
1314,100
1315,30
1316,9
1317,147
1318,211
1319,39
1320,122
1321,35
1322,39
1323,169
1324,208
1325,15
1326,42
1327,169
1328,2
1329,56
1330,212
1331,213
1332,169
1333,184
1334,36
1335,185
1336,34
1337,6
1338,41
1339,214
1340,24
1341,11
1342,29
1343,185
1344,215
1345,169
1346,99
1347,16
1348,169
1349,216
1350,183
1351,21
1352,105
1353,27
1354,217
1355,218
1356,34
1357,41
1358,120
1359,72
1360,19
1361,19
1362,120
1363,75
1364,42
1365,219
1366,135
1367,36
1368,77
1369,24
1370,20
1371,9
1372,25
1373,105
1374,5
1375,72
1376,37
1377,28
1378,51
1379,38
1380,73
1381,73
1382,97
1383,39
1384,40
1385,167
1386,40
1387,30
1388,38
1389,128
1390,136
1391,23
1392,107
1393,9
1394,75
1395,2
1396,168
1397,17
1398,28
1399,9
1400,9
1401,90
1402,92
1403,21
1404,50
1405,6
1406,64
1407,74
1408,16
1409,7
1410,90
1411,9
1412,1
1413,10
1414,9
1415,0
1416,116
1417,6
1418,9
1419,9
1420,57
1421,167
1423,22
1424,220
1425,184
1426,165
1427,33
1428,6
1429,2
1430,64
1431,70
1432,135
1433,135
1434,77
1435,9
1436,56
1437,84
1438,16
1439,36
1440,82
1441,57
1442,4
1443,29
1444,24
1445,38
1446,119
1447,9
1448,19
1449,37
1450,12
1451,72
1452,17
1453,158
1454,30
1455,9
1456,9
1457,105
1458,135
1459,4
1460,66
1461,56
1462,6
1463,49
1464,62
1465,0
1466,9
1467,221
1468,2
1469,113
1470,42
1471,0
1472,132
1473,10
1474,71
1475,128
1476,20
1477,36
1478,72
1479,215
1480,175
1481,24
1482,40
1483,81
1484,85
1485,1
1486,0
1487,222
1488,143
1489,19
1490,75
1491,62
1492,56
1493,87
1494,77
1495,9
1496,116
1497,23
1498,135
1499,24
1500,61
1501,130
1502,34
1503,73
1504,9
1505,223
1506,4
1507,39
1508,128
1509,156
1510,66
1511,169
1512,48
1513,44
1514,73
1515,62
1516,72
1517,131
1518,73
1519,38
1520,143
1521,224
1522,36
1523,72
1524,122
1525,74
1526,51
1527,2
1528,38
1529,27
1530,9
1531,2
1532,9
1533,9
1534,148
1535,62
1536,30
1537,5
1538,24
1539,115
1540,40
1541,72
1542,48
1543,144
1544,83
1545,135
1546,7
1547,225
1548,169
1549,135
1550,34
1551,28
1552,78
1553,36
1554,46
1555,58
1556,137
1557,11
1558,31
1559,171
1560,24
1561,9
1562,35
1563,73
1564,92
1565,57
1566,126
1567,57
1568,12
1569,5
1570,123
1571,217
1572,19
1573,31
1574,12
1575,3
1576,9
1577,226
1578,227
1579,37
1580,89
1581,134
1582,34
1583,6
1584,228
1585,4
1586,28
1588,23
1589,24
1590,2
1591,122
1592,229
1593,9
1594,38
1595,2
1596,25
1597,208
1598,56
1599,230
1600,43
1601,207
1602,9
1603,9
1604,62
1605,92
1606,1
1607,0
1608,9
1609,99
1610,9
1611,25
1612,123
1613,231
1614,49
1615,40
1616,30
1617,49
1618,20
1619,102
1620,57
1621,29
1622,30
1623,232
1624,73
1625,10
1626,140
1627,9
1628,82
1629,29
1630,233
1631,6
1632,1
1633,58
1634,28
1635,36
1636,167
1637,4
1638,35
1639,77
1640,9
1641,21
1642,1
1643,9
1644,9
1645,234
1646,141
1647,106
1648,106
1649,27
1650,34
1651,81
1652,0
1653,19
1654,70
1655,98
1656,9
1657,63
1658,148
1659,15
1660,51
1661,37
1662,27
1663,56
1664,39
1665,38
1666,86
1667,47
1668,73
1669,38
1670,38
1671,7
1672,43
1673,44
1674,7
1675,64
1676,64
1677,28
1678,9
1679,157
1680,0
1681,24
1682,40
1683,121
1684,35
1685,116
1686,48
1687,235
1688,176
1689,52
1690,169
1691,18
1692,236
1693,34
1694,237
1695,9
1696,9
1697,24
1698,70
1699,72
1700,238
1701,58
1702,26
1703,9
1704,7
1705,56
1706,9
1707,0
1708,9
1709,73
1710,148
1711,102
1712,38
1713,66
1714,99
1715,52
1716,11
1717,9
1718,28
1719,2
1720,139
1721,24
1722,184
1723,62
1724,9
1725,19
1726,27
1727,2
1728,6
1729,25
1730,77
1731,9
1732,9
1733,9
1734,101
1735,62
1736,29
1737,9
1738,109
1739,239
1740,28
1741,6
1742,184
1743,143
1744,41
1745,65
1746,184
1747,194
1748,36
1749,73
1750,67
1751,48
1752,141
1753,97
1754,4
1755,240
1756,131
1757,131
1758,23
1759,77
1760,49
1761,21
1762,24
1763,131
1764,65
1765,209
1766,241
1767,22
1768,131
1769,42
1770,52
1771,16
1772,3
1773,136
1774,36
1775,2
1776,10
1777,242
1778,1
1779,87
1780,92
1781,73
1782,72
1783,243
1784,4
1785,39
1786,9
1787,9
1788,70
1789,244
1790,116
1791,4
1792,19
1793,73
1794,59
1795,33
1796,56
1797,12
1798,147
1799,134
1800,89
1801,54
1802,52
1803,6
1804,36
1805,58
1806,100
1807,23
1808,36
1809,105
1810,2
1811,45
1812,47
1813,9
1814,128
1815,92
1816,148
1817,24
1818,5
1819,81
1820,0
1821,16
1822,81
1823,187
1824,7
1825,16
1826,25
1827,71
1828,28
1829,30
1830,245
1831,0
1832,204
1833,25
1834,26
1835,24
1836,72
1837,89
1838,42
1839,102
1840,34
1841,9
1842,162
1843,246
1844,34
1845,89
1846,9
1847,73
1848,20
1849,1
1850,62
1851,62
1852,62
1853,5
1854,39
1855,6
1857,83
1858,23
1859,9
1860,99
1861,35
1862,24
1863,20
1864,57
1865,24
1866,89
1867,124
1868,143
1869,9
1870,92
1871,72
1872,42
1873,41
1874,92
1875,82
1876,49
1877,2
1878,1
1879,247
1880,39
1881,70
1882,62
1883,9
1884,102
1885,131
1886,176
1887,114
1888,38
1889,42
1890,248
1891,27
1892,19
1893,249
1894,38
1895,1
1896,6
1897,27
1898,2
1899,169
1900,156
1901,22
1902,20
1903,3
1904,138
1905,56
1906,169
1907,66
1908,9
1909,28
1910,7
1911,16
1912,46
1913,38
1914,64
1915,26
1916,12
1917,156
1918,72
1919,1
1920,3
1921,34
1922,49
1923,9
1924,24
1925,77
1926,77
1927,10
1928,38
1929,4
1930,19
1931,9
1932,137
1933,4
1934,15
1935,9
1936,135
1937,151
1938,38
1939,136
1940,20
1941,26
1942,40
1943,25
1944,35
1945,87
1946,98
1947,237
1948,80
1949,51
1950,87
1951,56
1952,25
1953,24
1954,89
1955,9
1956,250
1957,116
1958,113
1959,194
1960,103
1961,16
1962,71
1963,128
1964,83
1965,4
1966,147
1967,39
1968,251
1969,136
1970,4
1971,53
1972,138
1973,16
1974,42
1975,252
1976,24
1977,24
1978,4
1979,123
1980,138
1981,23
1982,48
1983,9
1984,58
1985,36
1986,92
1987,7
1988,36
1989,233
1990,77
1991,99
1992,122
1993,6
1994,24
1995,120
1996,65
1997,34
1998,34
1999,35
2000,1
2001,67
2002,27
2003,136
2004,42
2005,141
2006,77
2007,58
2008,24
2009,66
2010,7
2011,38
2012,21
2013,9
2014,187
2015,128
2016,50
2017,120
2018,72
2019,175
2020,6
2021,2
2022,35
2023,9
2024,253
2025,16
2026,17
2027,61
2028,38
2029,130
2030,59
2031,6
2032,56
2033,10
2034,0
2035,194
2036,0
2037,2
2038,44
2039,136
2040,9
2041,172
2042,184
2043,34
2044,48
2045,5
2046,4
2047,128
2048,53
2049,16
2050,69
2051,29
2052,109
2053,28
2054,72
2055,28
2056,73
2057,128
2058,173
2059,97
2060,51
2061,9
2062,9
2063,21
2064,115
2065,9
2066,24
2067,48
2068,165
2069,254
2070,154
2071,193
2072,64
2073,9
2074,0
2075,9
2076,116
2077,9
2078,72
2079,78
2080,89
2081,16
2082,255
2083,123
2084,256
2085,73
2086,37
2087,4
2088,3
2089,84
2090,257
2091,28
2092,9
2093,139
2094,117
2095,16
2096,258
2097,0
2098,19
2099,35
2100,90
2101,19
2102,122
2103,141
2104,12
2105,48
2106,135
2107,137
2108,28
2109,87
2110,66
2111,225
2112,28
2113,51
2114,59
2115,44
2116,259
2117,47
2118,89
2119,136
2120,260
2121,169
2122,42
2123,74
2124,1
2125,128
2126,37
2127,2
2128,2
2129,34
2130,2
2131,24
2132,21
2133,9
2134,44
2135,94
2136,2
2137,20
2138,19
2139,108
2140,71
2141,124
2142,83
2143,74
2144,160
2145,2
2146,12
2147,102
2148,165
2149,78
2150,2
2151,122
2152,156
2153,6
2154,71
2155,108
2156,48
2157,137
2158,95
2159,65
2160,42
2161,71
2162,98
2163,36
2164,51
2165,6
2166,1
2167,89
2168,70
2169,1
2170,1
2171,65
2172,34
2173,38
2174,19
2175,4
2176,42
2177,16
2178,46
2179,89
2180,9
2181,44
2182,4
2183,59
2184,4
2185,120
2186,105
2187,233
2188,29
2189,9
2190,156
2191,261
2192,4
2193,262
2194,73
2195,97
2196,30
2197,9
2198,105
2199,113
2200,39
2201,184
2202,26
2203,123
2204,213
2205,128
2206,62
2207,263
2208,9
2209,169
2210,139
2211,9
2212,24
2213,123
2214,97
2215,41
2216,108
2217,65
2218,28
2219,4
2220,39
2221,26
2222,264
2223,65
2224,56
2225,29
2226,38
2227,0
2228,154
2229,0
2230,38
2231,65
2232,31
2233,177
2234,217
2235,86
2236,194
2238,39
2239,9
2240,120
2241,19
2242,9
2243,9
2244,9
2245,9
2246,5
2247,48
2248,9
2249,9
2250,218
2251,0
2252,113
2253,160
2254,6
2255,122
2256,34
2257,0
2258,36
2259,24
2260,46
2261,116
2262,184
2263,169
2264,38
2265,147
2266,9
2268,90
2269,56
2270,54
2271,265
2272,27
2273,97
2274,20
2275,28
2276,77
2277,0
2278,171
2279,40
2280,24
2281,116
2282,4
2283,100
2284,65
2285,28
2286,72
2287,73
2288,92
2289,194
2290,20
2291,49
2292,116
2293,266
2294,215
2295,73
2296,15
2297,38
2298,2
2299,36
2300,21
2301,196
2302,50
2303,20
2304,36
2305,77
2306,65
2307,6
2308,195
2309,113
2310,97
2311,35
2312,65
2313,137
2314,36
2315,45
2316,64
2317,38
2318,45
2319,40
2320,36
2321,140
2322,9
2323,54
2324,252
2325,78
2326,51
2327,72
2328,131
2329,126
2330,81
2331,2
2332,9
2333,97
2334,168
2335,92
2336,105
2337,109
2338,34
2339,73
2340,122
2341,73
2342,9
2343,0
2344,15
2345,122
2346,19
2347,13
2348,6
2349,131
2350,181
2351,73
2352,210
2353,57
2354,9
2355,213
2356,65
2357,1
2358,9
2359,39
2360,19
2361,73
2362,114
2363,9
2364,122
2365,49
2366,9
2367,36
2368,267
2369,9
2370,73
2371,101
2372,84
2373,268
2374,269
2375,23
2376,72
2377,70
2378,22
2379,196
2380,5
2381,90
2382,3
2383,71
2384,30
2385,36
2386,24
2387,4
2388,23
2389,25
2390,72
2391,270
2392,74
2393,42
2394,98
2395,35
2396,15
2397,44
2398,59
2399,251
2400,271
2401,20
2402,177
2403,6
2404,92
2405,169
2406,0
2407,59
2408,122
2409,262
2410,7
2411,24
2412,64
2413,65
2414,42
2415,135
2416,5
2417,36
2418,24
2419,216
2420,176
2421,78
2422,4
2423,2
2424,272
2425,138
2426,19
2427,47
2428,92
2429,26
2430,273
2431,42
2432,137
2433,97
2434,19
2435,3
2436,92
2437,154
2438,38
2439,264
2440,37
2441,15
2442,1
2443,120
2444,73
2445,65
2446,59
2447,9
2448,65
2449,56
2450,116
2451,28
2452,1
2453,72
2454,34
2455,198
2456,244
2457,198
2458,25
2459,87
2460,141
2461,77
2462,150
2463,87
2464,57
2465,66
2466,51
2467,52
2468,121
2469,40
2470,159
2471,62
2472,66
2473,73
2474,47
2475,84
2476,92
2477,70
2478,274
2479,275
2480,125
2481,108
2482,51
2483,276
2484,137
2485,5
2486,56
2487,135
2488,38
2489,120
2490,41
2491,145
2492,198
2493,20
2494,97
2495,277
2496,92
2497,90
2498,15
2499,154
2500,35
2501,62
2502,89
2503,20
2504,40
2505,113
2506,92
2507,24
2508,0
2509,0
2510,24
2511,48
2512,198
2513,17
2514,29
2515,28
2516,61
2517,38
2518,87
2519,138
2520,72
2521,44
2522,16
2523,169
2524,278
2525,29
2526,1
2527,65
2528,38
2529,101
2530,23
2531,56
2532,9
2533,40
2534,6
2535,49
2536,24
2538,36
2539,29
2540,130
2541,97
2542,9
2543,43
2544,184
2545,128
2546,143
2547,2
2548,9
2549,9
2550,177
2551,72
2552,9
2553,9
2554,89
2555,171
2556,28
2557,26
2558,9
2559,252
2560,139
2561,72
2562,113
2563,82
2564,0
2565,169
2566,36
2567,20
2568,92
2569,113
2570,65
2571,279
2572,9
2573,56
2574,0
2575,143
2576,4
2577,184
2578,24
2579,77
2580,169
2581,0
2582,20
2583,236
2584,0
2585,47
2586,280
2587,20
2588,36
2589,35
2590,19
2591,26
2592,281
2593,282
2594,56
2595,72
2596,168
2597,70
2598,40
2599,58
2600,9
2601,5
2602,40
2603,283
2604,24
2605,16
2606,23
2607,284
2608,147
2609,74
2610,27
2611,64
2612,184
2613,72
2614,105
2615,42
2616,59
2617,7
2618,7
2619,73
2620,123
2621,285
2622,138
2623,4
2624,92
2625,39
2626,28
2627,70
2628,95
2629,36
2630,16
2631,4
2632,53
2633,40
2634,9
2635,44
2636,35
2637,132
2638,83
2639,21
2640,0
2641,40
2642,31
2643,48
2644,9
2645,77
2646,30
2647,77
2648,59
2649,48
2650,6
2651,80
2652,96
2653,22
2654,9
2655,22
2656,24
2657,113
2658,210
2659,71
2660,5
2661,77
2662,27
2663,100
2664,28
2665,193
2666,24
2667,0
2668,286
2669,120
2670,102
2671,19
2672,140
2673,124
2674,103
2675,108
2676,169
2677,97
2678,16
2679,100
2680,9
2681,57
2682,57
2683,9
2684,43
2685,99
2686,42
2687,116
2688,287
2689,65
2690,145
2691,17
2692,288
2693,143
2694,135
2695,31
2696,116
2697,289
2698,9
2699,108
2700,9
2701,114
2702,24
2703,73
2704,9
2705,176
2706,67
2707,124
2708,27
2709,62
2710,72
2711,77
2712,9
2713,9
2714,9
2715,1
2716,97
2717,72
2718,4
2719,9
2720,77
2721,9
2722,49
2723,9
2724,9
2726,135
2727,28
2728,72
2729,6
2730,59
2731,129
2732,2
2733,24
2734,7
2735,2
2736,44
2737,256
2738,58
2739,0
2740,60
2741,77
2742,65
2743,147
2744,73
2745,24
2746,27
2747,64
2748,39
2749,9
2750,57
2751,5
2752,62
2753,134
2754,128
2755,97
2756,22
2757,122
2758,0
2759,9
2760,0
2761,28
2762,6
2763,57
2764,20
2765,73
2766,95
2767,9
2768,72
2769,51
2770,49
2771,6
2772,168
2773,38
2774,184
2775,181
2776,26
2777,128
2778,9
2779,209
2780,35
2781,38
2782,17
2783,56
2784,157
2785,9
2786,48
2787,72
2788,105
2789,290
2790,4
2791,2
2792,75
2793,47
2794,16
2795,72
2796,140
2797,9
2798,9
2799,120
2800,57
2801,7
2802,68
2803,135
2804,36
2805,9
2806,38
2807,4
2808,2
2809,10
2810,7
2811,2
2812,5
2813,92
2814,45
2815,57
2816,129
2817,291
2818,148
2819,182
2820,12
2821,67
2822,105
2823,97
2824,66
2825,30
2826,135
2827,35
2828,6
2829,292
2830,185
2831,56
2832,1
2833,36
2834,128
2835,20
2836,19
2837,90
2838,72
2839,105
2840,86
2841,86
2842,16
2843,70
2844,50
2845,11
2846,0
2847,97
2848,148
2849,9
2850,96
2851,36
2852,35
2853,113
2854,65
2855,24
2856,57
2857,9
2858,121
2859,242
2860,97
2861,19
2862,72
2863,238
2864,293
2865,0
2866,4
2867,24
2868,3
2869,9
2870,62
2871,224
2872,87
2873,294
2874,41
2875,114
2876,19
2877,28
2878,25
2879,24
2880,98
2881,42
2882,24
2883,135
2884,147
2885,35
2886,7
2887,6
2888,1
2889,74
2890,86
2891,100
2892,39
2893,147
2894,44
2895,44
2896,2
2897,113
2898,20
2899,9
2900,113
2901,160
2902,92
2903,204
2904,21
2905,9
2906,58
2907,72
2908,2
2909,92
2910,28
2911,89
2912,73
2913,48
2914,295
2915,85
2916,65
2917,105
2918,4
2919,120
2920,15
2921,66
2922,95
2923,20
2924,116
2925,51
2926,143
2927,9
2928,46
2929,9
2930,23
2931,24
2932,16
2933,72
2934,97
2935,296
2936,2
2938,38
2939,34
2940,20
2941,2
2942,61
2943,62
2944,162
2945,9
2946,213
2947,1
2948,50
2949,56
2950,3
2951,116
2952,81
2953,122
2954,47
2955,141
2956,169
2957,108
2958,37
2959,2
2960,113
2961,165
2962,70
2963,0
2964,28
2965,24
2966,138
2967,131
2968,9
2969,116
2970,158
2971,245
2972,243
2973,184
2974,40
2975,9
2976,165
2977,9
2978,156
2979,147
2980,9
2981,57
2982,64
2983,193
2984,0
2985,81
2986,139
2987,92
2988,297
2989,143
2990,36
2991,36
2992,28
2993,160
2994,110
2995,23
2996,19
2997,49
2998,223
2999,17
3000,3
3001,298
3002,1
3003,1
3004,56
3005,9
3006,242
3007,0
3008,134
3009,9
3010,19
3011,9
3012,5
3013,86
3014,64
3015,158
3016,27
3017,27
3018,72
3019,141
3020,299
3021,7
3022,16
3023,36
3024,116
3025,97
3026,28
3027,89
3028,28
3029,89
3030,169
3031,2
3032,116
3033,184
3034,9
3035,3
3036,9
3037,154
3038,10
3039,50
3040,74
3041,7
3042,9
3043,26
3044,62
3045,145
3046,38
3047,167
3048,20
3049,42
3050,24
3051,61
3052,42
3053,16
3054,28
3055,39
3056,105
3057,47
3058,56
3059,300
3060,25
3061,169
3062,301
3063,19
3064,9
3065,128
3066,120
3067,49
3068,97
3069,24
3070,74
3071,72
3072,36
3073,71
3074,6
3075,72
3076,122
3077,295
3078,36
3079,1
3080,88
3081,194
3082,64
3083,3
3084,38
3085,4
3086,2
3087,134
3088,72
3089,73
3090,41
3091,0
3092,42
3093,100
3094,302
3095,20
3096,169
3097,72
3098,81
3099,2
3100,114
3101,61
3102,152
3103,58
3104,24
3105,120
3106,52
3107,48
3108,42
3109,103
3110,22
3111,36
3112,116
3113,303
3114,17
3115,9
3116,54
3117,70
3118,4
3119,2
3120,136
3121,105
3122,25
3123,25
3124,147
3125,38
3126,23
3127,16
3128,122
3129,90
3130,34
3131,135
3132,7
3133,131
3134,43
3135,50
3136,73
3137,136
3138,49
3139,278
3140,10
3141,70
3142,184
3143,62
3144,16
3145,122
3146,4
3147,84
3148,4
3149,49
3150,6
3151,6
3152,95
3153,9
3154,59
3155,16
3156,165
3157,28
3158,20
3159,120
3160,20
3161,5
3162,97
3163,80
3164,120
3165,72
3166,86
3167,20
3168,65
3169,43
3170,26
3171,143
3172,70
3173,47
3174,17
3175,72
3176,138
3177,30
3178,118
3179,92
3180,64
3181,28
3182,114
3183,93
3184,124
3185,20
3186,20
3187,89
3188,105
3189,112
3190,67
3191,141
3192,19
3193,82
3194,135
3195,120
3196,135
3197,27
3198,62
3199,120
3200,169
3201,29
3202,176
3203,89
3204,42
3205,304
3206,0
3207,95
3208,136
3209,167
3210,9
3211,7
3212,24
3213,123
3214,35
3215,42
3216,71
3217,12
3218,9
3219,90
3220,48
3221,0
3222,9
3223,23
3224,64
3225,54
3226,120
3227,97
3228,98
3229,35
3230,135
3231,102
3232,266
3233,24
3234,58
3235,42
3236,49
3237,62
3238,64
3239,305
3240,1
3241,2
3242,9
3243,66
3244,9
3245,3
3246,38
3247,9
3248,38
3249,31
3250,29
3251,29
3252,97
3253,217
3254,7
3255,28
3256,9
3257,9
3258,204
3259,9
3260,9
3261,223
3262,49
3263,4
3264,72
3265,74
3266,169
3267,70
3268,24
3269,145
3270,23
3271,38
3272,72
3273,77
3274,102
3275,72
3276,9
3277,130
3278,36
3279,122
3280,15
3281,2
3282,54
3283,0
3284,24
3285,7
3286,62
3287,4
3288,147
3289,147
3290,108
3291,40
3292,64
3293,9
3294,151
3295,24
3296,145
3297,25
3298,65
3299,10
3300,9
3301,121
3302,102
3303,15
3304,69
3305,98
3306,25
3307,306
3308,98
3309,9
3310,307
3311,169
3312,70
3313,73
3314,1
3315,145
3316,47
3317,167
3318,22
3319,64
3320,64
3321,72
3322,52
3323,30
3324,308
3325,24
3326,2
3327,28
3328,9
3329,112
3330,309
3331,122
3332,159
3333,19
3334,9
3335,24
3336,117
3337,116
3338,89
3339,310
3340,73
3341,72
3342,122
3343,311
3344,262
3345,48
3346,312
3347,26
3348,108
3349,169
3350,62
3351,148
3352,38
3353,36
3354,41
3355,95
3356,73
3357,48
3358,8
3359,136
3360,138
3361,0
3362,154
3363,92
3364,147
3365,59
3366,6
3367,115
3368,44
3369,313
3370,98
3371,4
3372,122
3373,314
3374,28
3375,28
3376,17
3377,1
3378,24
3379,105
3380,83
3381,61
3382,26
3383,187
3384,56
3385,25
3386,81
3387,136
3388,81
3389,96
3390,23
3391,9
3392,15
3393,49
3394,38
3395,169
3396,116
3397,9
3398,86
3399,9
3400,135
3401,2
3402,134
3403,130
3404,85
3405,65
3406,20
3407,0
3408,10
3409,167
3410,64
3411,129
3412,99
3413,9
3414,195
3415,25
3416,75
3417,158
3418,36
3419,21
3420,9
3421,42
3422,115
3423,73
3424,53
3425,77
3426,34
3427,24
3428,1
3429,20
3430,1
3431,5
3432,311
3433,2
3434,40
3435,86
3436,100
3437,90
3438,9
3439,228
3440,47
3441,105
3442,116
3443,9
3444,215
3445,28
3447,87
3448,4
3449,98
3450,9
3451,25
3452,143
3453,9
3454,103
3455,26
3456,73
3457,50
3458,16
3459,131
3460,140
3461,17
3462,27
3463,135
3464,135
3465,24
3466,82
3467,197
3468,29
3469,147
3470,147
3471,2
3472,9
3473,65
3474,56
3475,148
3476,315
3477,42
3478,28
3479,9
3480,81
3481,54
3482,0
3483,1
3484,62
3485,34
3486,44
3487,36
3488,93
3489,121
3490,43
3491,31
3492,134
3493,57
3494,0
3495,9
3496,9
3497,114
3498,178
3499,113
3500,89
3501,97
3502,56
3503,51
3504,56
3505,49
3506,237
3507,156
3508,112
3509,3
3510,213
3511,1
3512,23
3513,34
3514,20
3515,90
3516,6
3517,62
3518,77
3519,136
3520,19
3521,9
3522,42
3523,54
3524,19
3525,36
3526,25
3527,9
3528,72
3529,24
3530,24
3531,9
3532,56
3533,9
3534,118
3535,62
3536,217
3537,19
3538,35
3539,160
3540,92
3541,98
3542,160
3543,83
3544,264
3545,140
3546,54
3547,26
3548,120
3549,34
3550,215
3551,65
3552,9
3553,9
3554,35
3555,69
3556,9
3557,93
3558,136
3559,25
3560,55
3562,2
3563,2
3564,123
3565,11
3566,135
3567,105
3568,21
3569,50
3570,3
3571,67
3572,130
3573,26
3574,116
3575,48
3576,82
3577,116
3578,72
3579,158
3580,9
3581,3
3582,195
3583,5
3584,107
3585,77
3586,42
3587,85
3588,39
3589,9
3590,48
3591,65
3592,167
3593,82
3594,82
3595,196
3596,35
3597,9
3598,0
3599,27
3600,0
3601,98
3602,9
3603,56
3604,64
3605,98
3606,113
3607,9
3608,6
3609,66
3610,97
3611,73
3612,204
3613,7
3614,204
3615,53
3616,48
3617,56
3618,84
3619,1
3620,169
3621,27
3622,114
3623,73
3624,25
3625,83
3626,87
3627,209
3628,23
3629,25
3630,62
3631,316
3632,23
3633,92
3634,24
3635,7
3636,9
3637,35
3638,28
3639,19
3640,124
3641,124
3642,97
3643,28
3644,40
3645,9
3646,213
3647,148
3648,6
3649,23
3650,78
3651,52
3652,19
3653,2
3654,13
3655,15
3656,42
3657,40
3658,19
3659,9
3661,317
3662,9
3663,64
3664,42
3665,52
3666,24
3667,64
3668,101
3669,72
3670,318
3671,109
3672,130
3673,139
3674,29
3675,71
3676,80
3677,129
3678,83
3679,319
3680,9
3681,9
3682,122
3683,83
3684,38
3685,282
3686,30
3687,67
3688,0
3689,85
3690,38
3691,9
3692,39
3693,24
3694,187
3695,0
3696,62
3697,28
3698,16
3699,7
3700,36
3701,85
3702,9
3703,9
3704,82
3705,20
3706,98
3707,35
3708,6
3709,145
3710,22
3711,24
3712,74
3713,2
3714,320
3715,27
3716,43
3717,35
3718,59
3719,96
3720,158
3721,269
3722,9
3723,71
3724,71
3725,77
3726,124
3727,4
3728,154
3729,25
3730,24
3731,147
3732,92
3733,92
3734,78
3735,6
3736,6
3737,38
3738,9
3739,156
3740,36
3741,30
3742,1
3743,9
3744,158
3745,9
3746,274
3747,321
3748,9
3749,322
3750,49
3751,128
3752,4
3753,57
3754,9
3755,9
3756,72
3757,78
3758,9
3759,39
3760,227
3761,30
3762,10
3763,156
3764,39
3765,47
3766,98
3767,98
3768,42
3769,126
3770,97
3771,92
3772,92
3773,53
3774,223
3775,323
3776,4
3777,139
3778,9
3779,9
3780,83
3781,26
3782,3
3783,324
3784,67
3785,29
3786,148
3787,72
3788,264
3789,35
3790,70
3791,66
3792,108
3793,42
3794,58
3795,95
3796,124
3797,325
3798,116
3799,28
3800,326
3801,98
3802,9
3803,9
3804,48
3805,84
3806,48
3807,72
3808,141
3809,148
3810,73
3811,57
3812,105
3813,38
3814,9
3815,9
3816,124
3817,0
3818,0
3819,0
3820,21
3821,9
3822,35
3823,49
3824,9
3825,9
3826,52
3827,113
3828,28
3829,278
3830,39
3831,136
3832,34
3833,20
3834,42
3835,4
3836,107
3837,34
3838,72
3839,184
3840,98
3841,134
3842,48
3843,30
3844,62
3845,64
3846,30
3847,116
3848,73
3849,42
3850,122
3851,43
3852,9
3853,141
3854,156
3855,20
3856,227
3857,212
3858,65
3859,5
3860,73
3861,72
3862,113
3863,89
3864,38
3865,81
3866,2
3867,35
3868,24
3869,271
3870,24
3871,7
3872,30
3873,21
3874,48
3875,65
3876,72
3877,27
3878,40
3879,25
3880,56
3881,35
3882,285
3883,46
3884,44
3885,9
3886,70
3887,15
3888,24
3889,114
3890,28
3891,92
3892,0
3893,105
3894,131
3895,64
3896,97
3897,65
3898,108
3899,157
3900,28
3901,73
3902,27
3903,123
3905,9
3906,3
3907,105
3908,101
3909,49
3910,141
3911,24
3912,77
3913,34
3914,10
3916,5
3917,141
3918,12
3919,92
3920,6
3921,9
3922,9
3923,327
3924,6
3925,140
3926,9
3927,62
3928,17
3929,48
3930,73
3931,9
3932,82
3933,9
3934,143
3935,24
3936,38
3937,67
3938,28
3939,113
3940,24
3941,3
3942,0
3943,4
3944,135
3945,65
3946,89
3947,7
3948,92
3949,36
3950,9
3951,136
3952,73
3953,140
3954,23
3955,97
3956,48
3957,16
3958,7
3959,115
3960,145
3961,6
3962,31
3963,113
3964,282
3965,328
3966,90
3967,329
3968,46
3969,9
3970,34
3971,65
3972,0
3973,23
3974,0
3975,135
3976,51
3977,16
3978,178
3979,29
3980,77
3981,62
3982,137
3983,70
3984,35
3985,16
3986,19
3987,81
3988,128
3989,44
3990,116
3991,72
3992,117
3993,3
3994,20
3995,36
3996,1
3997,143
3998,4
3999,38
4000,114
4001,77
4002,9
4003,4
4004,135
4005,78
4006,66
4007,3
4008,53
4009,81
4010,7
4011,24
4012,4
4013,56
4014,36
4015,179
4016,24
4017,204
4018,4
4019,4
4020,238
4021,42
4022,23
4023,176
4024,181
4025,2
4026,29
4027,32
4028,89
4029,54
4030,52
4031,5
4032,92
4033,101
4034,0
4035,78
4036,9
4037,40
4038,173
4039,4
4040,24
4041,64
4042,35
4043,101
4044,62
4045,99
4046,9
4047,86
4048,86
4049,47
4050,0
4051,77
4052,120
4053,123
4054,114
4055,330
4056,123
4057,36
4058,74
4059,37
4060,13
4061,140
4062,71
4063,31
4064,65
4065,15
4066,49
4067,3
4068,122
4069,74
4070,28
4071,41
4072,24
4073,4
4074,7
4075,64
4076,27
4077,313
4078,36
4079,331
4080,73
4081,58
4082,169
4083,4
4084,52
4085,39
4086,70
4087,21
4088,39
4089,282
4090,7
4091,34
4092,196
4093,37
4094,10
4095,4
4096,332
4097,28
4098,42
4099,39
4100,41
4101,48
4102,29
4103,28
4104,95
4105,172
4106,40
4107,64
4108,5
4109,123
4110,47
4111,80
4112,9
4113,168
4114,215
4115,62
4116,113
4117,73
4118,59
4119,70
4120,16
4121,12
4122,89
4123,24
4124,25
4125,145
4126,131
4127,34
4128,24
4129,122
4130,19
4131,10
4132,4
4133,68
4134,102
4135,62
4136,72
4137,165
4138,77
4139,108
4140,34
4141,42
4142,128
4143,12
4144,26
4145,184
4146,28
4147,77
4148,2
4149,136
4150,169
4151,259
4152,72
4153,34
4154,77
4155,36
4156,6
4157,72
4158,25
4159,9
4160,1
4161,59
4162,157
4163,9
4164,64
4165,138
4166,172
4167,191
4168,17
4169,162
4170,333
4171,47
4172,9
4173,9
4174,28
4175,30
4176,135
4177,136
4178,4
4179,4
4180,65
4181,100
4182,28
4183,334
4184,66
4185,115
4186,77
4188,9
4189,83
4190,83
4191,81
4192,140
4193,9
4194,56
4195,83
4196,51
4197,40
4198,72
4199,9
4200,9
4201,9
4202,3
4203,20
4204,5
4205,39
4206,48
4207,25
4208,47
4209,3
4210,58
4211,56
4212,136
4213,194
4214,335
4215,2
4216,143
4217,44
4218,27
4219,44
4220,162
4221,9
4222,26
4223,9
4224,9
4225,9
4226,59
4227,38
4228,108
4229,66
4230,9
4231,74
4232,81
4233,38
4234,147
4235,23
4236,208
4237,196
4238,2
4239,64
4240,92
4241,3
4242,73
4243,17
4244,6
4245,20
4246,48
4247,135
4248,81
4249,62
4250,41
4251,23
4252,143
4253,12
4254,169
4255,169
4256,40
4257,169
4258,56
4259,12
4260,36
4261,123
4262,28
4263,65
4264,336
4265,42
4266,35
4267,126
4268,34
4269,9
4270,217
4271,128
4272,57
4273,237
4274,9
4275,135
4276,13
4277,53
4278,19
4279,72
4280,56
4281,20
4282,39
4283,44
4284,20
4285,74
4286,70
4287,136
4288,337
4289,12
4290,89
4291,141
4292,138
4293,20
4294,20
4295,82
4296,65
4297,103
4298,9
4299,23
4300,128
4301,28
4302,28
4303,128
4304,87
4305,217
4306,207
4307,295
4308,64
4309,9
4310,62
4311,9
4312,65
4313,9
4314,178
4315,84
4316,9
4317,252
4318,70
4319,145
4320,9
4321,2
4322,89
4323,70
4324,72
4325,19
4326,90
4327,99
4328,167
4329,73
4330,38
4331,124
4332,64
4333,72
4334,24
4335,156
4336,97
4337,89
4338,62
4339,145
4340,39
4341,167
4342,66
4343,49
4344,116
4345,92
4346,9
4347,50
4348,179
4349,24
4350,24
4351,105
4352,194
4353,338
4354,1
4355,160
4356,160
4357,73
4358,65
4359,105
4360,77
4361,56
4362,9
4363,44
4364,65
4365,24
4366,17
4367,169
4368,16
4369,65
4370,339
4371,35
4372,251
4373,43
4374,123
4375,340
4376,313
4377,40
4378,28
4379,3
4380,29
4381,89
4382,9
4383,95
4384,143
4385,66
4386,19
4387,148
4388,19
4389,341
4390,9
4391,9
4392,99
4393,123
4394,4
4395,4
4396,25
4397,11
4398,4
4399,214
4400,116
4401,72
4402,38
4403,30
4404,0
4405,39
4406,36
4407,154
4408,196
4409,75
4410,9
4411,92
4412,25
4413,136
4414,4
4415,168
4416,15
4417,73
4418,97
4419,342
4420,140
4421,40
4422,73
4423,295
4424,45
4425,38
4426,73
4427,9
4428,77
4429,9
4430,213
4431,3
4432,6
4433,16
4434,343
4435,35
4436,159
4437,67
4438,62
4439,23
4440,138
4441,41
4442,22
4443,116
4444,44
4445,27
4446,158
4447,65
4448,21
4449,49
4450,89
4451,25
4452,97
4453,71
4454,151
4455,30
4456,73
4457,242
4458,24
4459,86
4460,7
4461,37
4462,59
4463,80
4464,3
4465,98
4466,105
4467,123
4468,25
4469,65
4470,105
4471,73
4472,9
4473,26
4474,161
4475,72
4476,25
4477,264
4478,9
4479,31
4480,99
4481,147
4482,122
4483,0
4484,115
4485,344
4486,135
4487,274
4488,93
4489,52
4490,25
4491,25
4492,52
4493,4
4494,148
4495,19
4496,89
4497,299
4498,7
4499,120
4500,9
4501,30
4502,38
4503,345
4504,61
4505,75
4506,28
4507,44
4508,4
4509,193
4510,84
4511,77
4512,52
4513,29
4514,15
4515,49
4516,121
4517,131
4518,54
4519,59
4520,65
4521,23
4522,100
4523,136
4524,66
4525,25
4526,0
4527,9
4528,134
4529,100
4530,48
4531,7
4532,48
4533,36
4534,48
4535,103
4536,26
4537,56
4538,25
4539,26
4540,23
4541,78
4542,9
4543,7
4544,39
4545,346
4546,189
4547,42
4548,9
4549,53
4550,40
4551,72
4552,130
4553,80
4554,28
4555,90
4556,9
4557,0
4558,47
4559,103
4560,22
4561,4
4562,263
4563,24
4564,4
4565,9
4566,10
4567,169
4568,77
4569,123
4570,74
4571,72
4572,56
4573,1
4574,123
4575,46
4576,74
4577,9
4578,4
4579,34
4580,52
4581,317
4582,5
4583,30
4584,128
4585,30
4586,39
4587,20
4588,20
4589,43
4590,83
4591,83
4592,9
4593,19
4594,1
4595,42
4596,62
4597,100
4598,34
4599,105
4600,45
4601,38
4602,35
4603,19
4604,19
4605,9
4606,347
4607,105
4608,67
4609,83
4610,73
4611,95
4612,47
4613,29
4614,115
4615,176
4616,141
4617,348
4618,178
4619,156
4620,349
4621,86
4622,29
4623,167
4624,83
4625,200
4626,65
4627,116
4628,141
4629,25
4630,35
4631,9
4632,30
4633,36
4634,12
4635,148
4636,11
4637,13
4638,73
4639,38
4640,169
4641,100
4642,33
4643,116
4644,48
4645,9
4646,213
4647,3
4648,98
4649,156
4650,9
4651,7
4652,118
4653,141
4654,288
4655,51
4656,102
4658,9
4659,350
4660,22
4661,143
4662,9
4663,4
4664,67
4665,65
4666,120
4667,0
4668,9
4669,92
4670,139
4671,153
4672,351
4673,73
4674,38
4675,86
4676,38
4677,57
4678,184
4679,150
4680,5
4681,4
4682,330
4683,135
4684,64
4685,233
4686,28
4687,0
4688,15
4689,59
4690,24
4691,9
4692,9
4693,96
4694,3
4695,3
4696,9
4697,108
4698,167
4699,117
4700,136
4701,113
4702,19
4703,279
4704,19
4705,113
4706,4
4707,27
4708,74
4709,24
4710,9
4711,52
4712,62
4713,181
4714,24
4715,352
4716,67
4717,10
4718,28
4719,207
4720,3
4721,86
4722,86
4723,23
4724,24
4725,34
4726,6
4727,99
4728,38
4729,6
4730,120
4731,97
4732,44
4733,43
4734,93
4735,0
4736,11
4737,1
4738,211
4739,100
4740,48
4741,3
4742,270
4743,56
4744,9
4745,9
4746,37
4747,25
4748,38
4749,27
4750,89
4751,2
4752,92
4753,120
4754,116
4755,40
4756,289
4757,99
4758,89
4759,34
4760,38
4761,97
4762,11
4763,78
4764,23
4765,38
4766,98
4767,35
4768,41
4769,36
4770,73
4771,24
4772,3
4773,40
4774,99
4775,41
4776,124
4777,61
4778,34
4779,34
4780,263
4781,83
4782,185
4783,4
4784,83
4785,24
4786,24
4787,1
4788,16
4789,39
4790,9
4791,34
4792,6
4793,73
4794,43
4795,122
4796,4
4797,246
4798,147
4799,71
4800,45
4801,31
4802,73
4803,120
4804,167
4805,71
4806,12
4807,42
4808,9
4809,120
4810,6
4811,20
4812,9
4813,89
4814,77
4815,7
4816,353
4817,24
4818,2
4819,9
4820,9
4821,136
4822,206
4823,9
4824,4
4825,65
4826,0
4827,64
4828,204
4829,19
4830,29
4831,77
4832,5
4833,9
4834,9
4835,69
4836,41
4837,24
4838,9
4839,16
4840,128
4841,116
4842,54
4843,38
4844,36
4845,97
4846,83
4847,9
4848,9
4849,10
4850,73
4851,178
4852,65
4853,354
4854,136
4855,95
4856,7
4857,25
4858,57
4859,116
4860,38
4861,24
4862,24
4863,106
4864,74
4865,29
4866,9
4867,100
4868,25
4869,131
4870,38
4872,325
4873,4
4874,135
4875,9
4876,9
4877,24
4878,40
4879,25
4880,12
4881,49
4882,1
4883,138
4885,0
4886,9
4887,28
4888,4
4889,106
4890,2
4891,6
4892,6
4893,211
4894,49
4895,62
4896,355
4897,90
4898,35
4899,118
4900,24
4901,144
4902,2
4903,82
4904,20
4905,9
4906,9
4907,156
4908,105
4909,36
4910,58
4911,13
4912,10
4913,28
4914,52
4915,7
4916,4
4917,0
4918,37
4919,9
4920,9
4921,9
4922,9
4923,27
4924,69
4925,4
4926,4
4927,9
4928,56
4929,154
4930,77
4931,140
4932,9
4933,46
4934,6
4935,27
4936,49
4937,9
4938,9
4939,2
4940,1
4941,64
4942,9
4943,9
4944,143
4945,57
4947,28
4948,120
4949,16
4950,36
4951,62
4952,10
4953,38
4954,4
4955,25
4956,4
4957,56
4958,15
4959,23
4960,65
4961,26
4962,36
4963,75
4964,24
4965,31
4966,67
4967,122
4968,134
4969,28
4970,4
4971,123
4972,66
4973,99
4974,27
4975,24
4976,51
4977,36
4978,356
4979,25
4980,39
4981,24
4982,357
4983,24
4984,70
4985,23
4986,38
4987,72
4988,73
4989,5
4990,42
4991,39
4992,113
4993,122
4994,36
4995,15
4996,17
4997,42
4998,9
4999,2
5000,4
5001,120
5002,19
5003,22
5004,81
5005,56
5006,36
5007,21
5008,160
5009,136
5010,9
5011,92
5012,42
5013,73
5014,160
5015,358
5016,57
5017,20
5018,89
5019,16
5020,62
5021,23
5022,89
5023,38
5024,86
5025,10
5026,72
5027,283
5028,65
5029,70
5030,48
5031,218
5032,24
5033,23
5034,2
5035,73
5036,132
5037,24
5038,106
5039,102
5040,16
5041,3
5042,3
5043,23
5044,194
5045,83
5046,24
5047,42
5048,2
5049,40
5050,37
5051,2
5052,59
5053,36
5054,141
5055,48
5056,72
5057,72
5058,58
5059,35
5060,156
5061,34
5062,177
5063,28
5064,70
5065,109
5066,4
5067,194
5068,169
5069,359
5070,16
5071,9
5072,360
5073,123
5074,122
5075,53
5076,210
5077,46
5078,96
5079,299
5080,233
5081,361
5082,100
5083,17
5084,34
5085,9
5086,2
5087,9
5088,20
5089,72
5090,20
5091,9
5092,77
5093,15
5094,28
5095,141
5096,62
5097,48
5098,41
5099,56
5100,106
5101,74
5102,99
5103,2
5104,64
5105,39
5106,327
5107,70
5108,25
5109,210
5110,9
5111,167
5112,24
5113,95
5114,72
5115,6
5116,123
5117,11
5118,56
5119,48
5120,0
5121,116
5122,36
5123,28
5124,36
5125,147
5126,72
5127,73
5128,1
5129,19
5130,42
5131,336
5132,81
5133,120
5134,103
5135,45
5136,160
5137,48
5138,131
5139,1
5140,89
5141,116
5142,7
5143,82
5144,42
5145,1
5146,74
5147,1
5148,105
5149,28
5150,131
5151,1
5152,184
5153,34
5154,105
5155,62
5156,90
5157,86
5158,136
5159,136
5160,10
5161,99
5162,6
5163,2
5164,2
5165,89
5166,56
5167,18
5168,336
5169,35
5170,187
5171,53
5172,141
5173,114
5174,69
5175,362
5176,48
5177,68
5178,136
5179,148
5180,36
5181,193
5182,19
5183,105
5184,89
5185,204
5186,123
5187,28
5188,124
5189,123
5190,16
5191,35
5192,19
5193,38
5194,77
5195,117
5196,0
5197,134
5198,233
5199,35
5200,363
5201,28
5202,42
5203,64
5204,135
5205,115
5206,65
5207,78
5208,82
5209,45
5210,72
5211,0
5212,122
5213,20
5214,274
5215,116
5216,3
5217,30
5218,105
5219,140
5220,327
5221,93
5222,20
5223,284
5224,9
5225,25
5226,27
5227,19
5228,0
5229,72
5230,184
5231,15
5232,74
5233,279
5234,70
5235,77
5236,49
5237,36
5238,19
5239,97
5240,116
5241,39
5242,44
5243,66
5244,38
5245,41
5246,1
5247,19
5248,72
5249,21
5250,72
5251,10
5252,0
5253,167
5254,25
5255,40
5256,6
5257,194
5258,105
5259,6
5260,51
5261,113
5262,83
5263,122
5264,44
5265,0
5266,89
5267,4
5268,9
5269,44
5270,41
5271,28
5272,90
5273,7
5274,4
5275,74
5276,73
5277,28
5278,92
5279,58
5280,132
5281,120
5282,3
5283,39
5284,25
5285,102
5286,364
5287,2
5288,24
5289,353
5290,140
5291,179
5292,113
5293,73
5294,116
5295,74
5296,365
5297,147
5298,0
5299,66
5300,4
5301,97
5302,40
5303,67
5304,131
5305,165
5306,10
5307,28
5308,65
5309,7
5310,6
5311,130
5312,46
5313,209
5314,72
5315,9
5316,40
5317,51
5318,72
5319,9
5320,52
5321,84
5322,42
5323,19
5324,156
5325,59
5326,159
5327,148
5328,213
5329,6
5330,59
5331,77
5332,117
5333,41
5334,204
5335,20
5336,38
5337,120
5338,72
5339,38
5340,6
5341,2
5342,72
5343,71
5344,116
5345,49
5346,9
5347,113
5348,233
5349,6
5350,28
5351,137
5352,73
5353,123
5354,10
5355,81
5356,123
5357,56
5358,131
5359,181
5360,34
5361,72
5362,168
5364,9
5365,42
5366,113
5367,105
5368,10
5369,85
5370,72
5371,19
5372,59
5373,72
5374,24
5375,66
5376,9
5377,66
5378,64
5379,39
5380,22
5381,56
5382,113
5383,16
5384,366
5385,9
5386,89
5388,20
5389,20
5390,6
5391,51
5392,73
5393,34
5394,77
5395,72
5396,19
5397,204
5398,9
5399,2
5400,156
5401,52
5402,9
5403,9
5404,214
5405,54
5406,9
5407,102
