Player_Id,position_id
0,0
1,1
1,0
2,1
3,2
4,3
5,0
6,4
6,0
7,5
8,6
9,3
10,1
10,0
11,3
12,2
13,1
14,4
15,0
15,4
16,1
16,0
17,4
18,4
19,3
20,2
21,3
22,2
23,1
24,4
25,1
25,0
26,4
27,2
28,0
29,3
29,4
30,3
31,3
32,4
33,2
34,3
34,2
35,0
36,1
36,0
37,0
37,1
38,2
39,3
40,1
41,0
42,1
43,0
44,0
45,1
46,0
46,1
47,1
48,0
49,2
49,3
50,2
50,3
51,0
52,4
53,1
54,3
55,3
56,1
57,3
58,2
59,3
60,1
61,0
62,3
63,1
64,3
65,2
66,0
66,1
67,2
68,0
69,3
70,3
71,4
72,3
73,0
74,4
75,1
76,0
77,3
78,1
79,2
80,1
81,2
82,1
82,0
83,0
84,0
84,4
85,0
86,4
87,1
87,0
88,0
88,1
89,4
89,3
90,3
90,2
91,4
92,3
93,1
94,2
94,3
95,3
96,2
97,0
98,0
98,1
99,4
100,3
100,4
101,3
102,4
102,3
103,2
104,4
105,4
105,0
106,2
107,3
107,4
108,0
108,1
109,4
110,0
110,1
111,3
111,4
112,3
112,4
113,4
114,1
115,6
116,1
117,4
118,1
119,0
120,0
120,4
121,4
121,0
122,4
122,0
123,2
124,2
125,1
125,0
126,1
127,4
127,0
128,2
129,1
130,6
131,0
131,1
132,2
133,2
134,1
135,2
136,4
136,3
137,4
138,4
139,2
140,1
141,3
142,5
143,2
144,1
144,0
145,3
146,0
147,3
147,2
148,4
149,2
149,3
150,0
150,4
151,5
152,3
153,1
154,3
155,4
156,5
157,3
158,2
158,3
159,2
160,5
161,3
161,4
162,2
163,0
164,1
165,3
166,4
167,4
168,0
169,3
170,2
171,1
172,3
173,1
173,0
174,0
174,1
175,1
176,3
176,4
177,1
179,3
180,4
180,0
181,1
181,0
182,6
183,3
184,3
185,1
186,4
187,1
188,2
189,4
190,0
190,1
191,4
192,2
193,1
194,3
195,0
196,0
196,4
197,3
198,1
198,0
199,0
200,2
201,2
202,5
203,3
204,0
204,1
205,4
206,2
207,4
207,0
208,0
209,2
210,2
211,4
212,6
213,1
214,0
215,3
216,4
216,0
217,2
218,1
219,0
220,4
220,0
221,2
222,2
223,6
224,3
224,2
225,3
226,2
226,3
227,1
227,0
228,3
229,1
230,0
230,4
231,2
232,0
232,4
233,0
233,4
234,0
234,4
235,4
236,0
236,1
237,0
238,4
238,0
239,0
240,3
241,3
241,2
242,2
243,2
243,3
244,3
245,3
246,4
247,6
248,3
249,5
250,2
251,3
252,3
252,2
253,3
253,4
254,1
255,2
255,3
256,3
256,4
257,2
257,3
258,3
259,4
260,6
261,1
262,3
262,4
263,4
264,4
265,0
265,1
266,4
267,0
268,1
269,0
270,1
271,3
272,4
273,4
273,0
274,0
275,0
276,1
276,0
277,4
277,3
278,4
279,3
280,3
281,1
282,3
283,4
284,3
285,4
286,5
287,0
287,1
288,2
288,3
289,4
290,0
291,1
292,2
293,3
293,4
294,0
294,1
295,6
296,3
297,1
298,2
299,5
300,3
301,0
302,0
302,1
303,3
304,0
304,4
305,1
305,0
306,2
307,4
308,1
308,0
309,2
310,3
311,0
311,4
312,5
313,0
314,1
315,2
316,1
317,0
318,1
319,3
319,4
320,3
321,4
322,1
323,3
324,2
325,2
326,1
327,4
327,3
328,4
329,3
330,0
330,1
331,4
332,0
333,1
334,3
334,2
335,0
336,2
337,0
337,4
338,0
339,2
340,2
341,4
342,4
343,1
344,1
345,0
346,5
347,1
348,0
349,0
349,1
350,3
351,3
352,0
352,4
353,3
354,0
355,2
356,2
357,2
357,3
358,4
359,4
360,1
361,3
362,2
362,3
363,5
364,2
365,2
366,5
367,1
368,1
369,4
370,0
371,2
371,3
372,2
372,3
373,0
374,1
375,3
376,6
377,4
377,0
378,3
379,6
380,1
381,3
382,1
383,0
383,1
384,1
385,2
386,6
387,4
388,3
389,1
390,1
391,3
392,4
393,4
394,2
395,2
396,0
396,1
397,2
398,3
399,2
400,2
401,3
402,4
403,0
403,1
404,2
405,2
405,3
406,4
407,5
408,0
408,1
409,6
410,4
411,0
411,1
412,1
413,3
414,3
415,2
416,3
417,3
418,4
419,1
420,3
420,4
421,3
422,4
422,0
423,2
424,1
424,0
425,0
425,4
426,0
427,1
428,1
428,0
429,1
430,4
431,4
431,3
432,0
433,5
434,0
435,1
435,0
436,3
437,3
438,2
439,3
440,4
440,2
441,4
441,3
442,0
442,4
443,0
443,1
444,1
445,3
445,2
446,2
447,0
448,0
448,1
449,3
450,1
452,0
452,4
453,0
453,1
454,1
455,6
456,4
457,1
458,4
459,1
459,0
460,0
461,3
461,4
462,0
463,0
464,0
465,3
466,1
467,2
468,4
468,3
469,4
469,0
470,4
471,4
472,4
473,0
474,3
475,1
476,1
477,3
477,2
478,2
479,1
480,3
481,2
482,2
482,3
483,4
484,2
484,3
485,1
486,3
487,3
488,2
488,3
489,0
490,0
490,4
491,4
492,4
493,3
493,2
494,3
495,4
496,3
497,3
498,0
498,4
499,5
500,0
500,1
501,1
502,1
503,1
504,0
505,0
506,1
507,4
508,0
508,1
509,2
510,3
510,2
511,0
512,0
513,4
514,0
515,5
516,2
517,2
517,3
518,3
519,4
520,3
521,4
522,2
523,6
524,4
525,1
526,4
527,2
527,3
528,0
529,3
530,3
530,4
531,1
532,3
532,2
533,1
533,0
534,4
534,3
535,0
536,4
537,4
537,3
538,0
538,4
539,6
540,1
541,6
542,2
543,4
543,3
544,4
544,0
545,4
546,3
547,3
548,1
549,2
550,2
551,0
551,1
552,4
552,3
553,3
554,2
554,3
555,3
556,6
557,6
558,2
559,2
559,3
560,4
560,3
561,4
562,4
563,3
564,4
565,2
566,1
566,0
567,0
568,4
569,6
570,2
570,3
571,2
572,3
573,3
573,4
574,4
574,0
575,0
575,4
576,6
577,2
577,3
578,2
579,4
580,3
581,1
582,3
582,2
583,6
584,3
585,0
585,4
586,5
587,3
588,4
588,3
589,4
589,0
590,4
591,3
592,0
593,1
593,0
594,2
595,6
596,1
597,2
598,3
598,2
599,3
600,1
601,1
602,2
603,0
603,1
604,2
605,0
606,1
607,4
608,1
609,3
610,6
611,3
611,4
612,2
612,3
613,4
613,3
614,4
615,1
616,4
617,6
618,2
619,2
619,3
620,2
621,4
621,3
622,0
623,3
624,2
625,0
625,4
626,3
626,4
627,0
627,1
628,1
629,1
630,1
631,3
632,3
633,0
634,3
635,0
636,3
636,4
637,2
637,3
638,4
639,4
640,0
641,4
642,3
643,4
643,3
644,0
644,4
645,4
645,3
646,1
647,4
648,2
649,1
650,4
651,3
652,1
653,2
654,3
655,3
655,4
656,2
657,2
658,1
659,5
660,2
661,0
662,3
663,4
664,4
665,0
666,1
667,0
668,6
669,4
670,3
671,2
671,3
672,0
673,2
673,3
674,2
675,4
675,3
676,1
677,1
678,2
678,3
679,4
680,1
681,3
682,3
683,4
683,3
684,2
685,4
685,0
686,0
687,1
688,2
688,3
689,0
690,4
691,6
692,6
694,0
695,4
695,0
696,4
697,0
697,1
698,0
699,1
699,0
700,4
700,0
701,3
702,3
703,2
703,3
704,0
705,1
706,4
706,3
707,3
708,3
708,4
709,4
710,2
711,5
712,3
713,5
714,2
715,0
716,4
717,1
717,0
718,2
719,1
719,0
720,4
720,3
721,2
721,3
722,0
723,2
724,3
725,1
726,1
727,4
727,0
728,0
728,4
729,1
730,1
731,2
732,6
733,3
734,3
735,3
736,1
737,1
738,5
739,3
740,4
740,3
741,6
742,0
743,3
744,3
744,4
745,3
746,0
747,4
748,3
749,3
750,2
751,4
752,1
753,3
754,0
755,2
756,3
756,4
757,2
758,3
758,2
759,4
760,3
761,6
762,2
763,3
764,3
765,3
766,3
767,1
767,0
768,2
768,3
769,3
770,1
771,0
772,2
772,3
773,0
774,0
775,2
776,4
776,0
777,2
777,3
778,1
778,0
779,1
779,0
780,0
781,4
782,1
782,0
783,0
784,1
785,2
786,1
787,0
788,1
789,3
790,3
791,4
792,2
793,2
794,2
795,2
796,4
797,1
798,4
799,0
800,4
801,4
802,4
803,2
804,1
804,0
805,4
806,3
807,6
808,3
808,2
809,4
810,0
811,3
812,4
813,2
814,3
814,4
815,4
815,0
816,2
817,3
818,2
819,4
820,0
821,4
821,3
822,2
823,2
824,2
825,6
826,0
827,1
827,0
828,0
829,5
830,4
831,1
832,3
833,3
833,4
834,3
835,4
836,0
837,2
838,3
839,3
840,3
841,3
842,1
843,4
844,2
844,3
845,3
846,3
846,2
847,0
847,4
848,0
848,4
849,3
850,3
851,1
851,0
852,0
853,4
854,3
854,2
855,3
856,4
857,4
858,1
859,1
860,2
861,2
862,2
863,2
864,4
865,3
866,3
867,3
868,0
869,1
870,4
871,1
872,0
873,5
874,1
875,4
876,3
876,4
877,4
878,2
879,1
880,2
881,0
881,1
882,0
882,1
883,0
884,0
885,4
886,2
887,2
888,1
889,3
890,4
890,3
891,3
892,3
893,1
894,1
894,0
895,3
896,0
897,3
898,2
899,2
900,1
900,0
901,4
902,2
903,0
903,1
904,6
905,4
906,2
907,2
908,1
909,3
909,2
911,6
912,0
913,5
914,2
915,0
916,3
917,2
918,3
918,4
919,1
920,3
920,4
921,3
922,2
922,3
923,6
924,2
924,3
925,0
926,3
927,5
928,0
928,1
929,3
929,4
930,2
930,3
931,0
932,4
933,2
934,2
935,0
935,4
936,3
937,0
938,3
939,3
940,0
941,0
941,1
942,4
942,0
943,2
944,1
945,3
946,2
947,1
947,0
948,1
949,4
949,0
950,4
951,3
952,4
953,2
954,1
955,5
956,0
957,1
958,2
959,1
960,2
961,6
962,3
963,4
964,4
964,3
965,3
965,4
966,1
966,0
967,3
968,0
969,1
970,1
971,2
972,4
973,3
974,1
974,0
975,3
976,3
977,4
978,3
978,4
979,4
979,0
980,0
981,3
982,4
983,3
983,2
984,4
985,3
985,2
986,4
987,4
988,1
989,6
990,2
991,2
992,2
993,4
994,3
994,2
995,0
996,1
997,1
998,2
999,0
1000,0
1001,1
1002,1
1003,5
1004,2
1005,5
1006,4
1007,4
1008,4
1008,0
1009,2
1010,1
1011,3
1012,3
1012,4
1013,3
1014,0
1014,1
1015,0
1015,4
1016,2
1017,4
1017,0
1018,2
1018,3
1019,0
1019,4
1020,1
1021,3
1022,1
1023,1
1024,6
1025,1
1025,0
1026,0
1026,4
1027,5
1028,3
1029,1
1029,0
1030,2
1031,3
1031,4
1032,3
1032,2
1033,2
1034,1
1036,3
1037,4
1038,1
1039,3
1040,6
1041,3
1042,1
1043,6
1044,1
1045,2
1046,4
1047,2
1047,3
1048,2
1048,3
1049,4
1050,3
1051,3
1051,4
1052,1
1053,3
1054,3
1055,1
1056,4
1057,1
1058,5
1059,0
1060,1
1061,3
1062,3
1063,1
1064,5
1065,4
1066,1
1067,5
1068,4
1069,4
1070,2
1071,0
1072,0
1072,1
1073,0
1073,1
1074,5
1075,2
1076,0
1077,6
1078,4
1079,2
1080,4
1081,4
1082,3
1083,1
1083,0
1084,1
1085,0
1086,0
1086,1
1087,2
1087,3
1088,0
1088,1
1089,4
1090,3
1090,2
1091,1
1092,3
1092,2
1093,3
1094,0
1095,0
1095,1
1096,4
1097,4
1098,0
1099,4
1100,3
1101,0
1102,0
1103,0
1103,1
1104,3
1105,1
1106,3
1106,4
1107,4
1108,3
1109,0
1109,1
1110,1
1111,0
1111,1
1112,3
1112,4
1113,0
1113,4
1115,2
1115,3
1116,3
1117,1
1118,2
1119,4
1120,0
1121,1
1122,2
1123,4
1124,3
1125,4
1126,4
1127,0
1127,4
1128,3
1129,5
1130,0
1130,4
1131,1
1132,1
1133,1
1134,3
1135,3
1136,1
1137,3
1138,0
1139,1
1140,0
1141,0
1141,1
1142,2
1142,3
1143,6
1144,3
1145,0
1146,3
1146,2
1147,2
1148,1
1148,0
1149,4
1149,3
1150,1
1151,2
1151,3
1152,2
1152,3
1153,4
1154,0
1155,3
1155,2
1156,2
1156,3
1157,4
1157,0
1158,0
1159,5
1160,3
1161,2
1162,2
1163,1
1164,3
1165,0
1166,5
1167,3
1168,2
1169,3
1170,1
1171,0
1171,1
1172,3
1173,1
1173,0
1174,4
1174,3
1175,0
1175,3
1176,4
1177,3
1177,4
1178,3
1179,3
1180,2
1181,0
1181,4
1182,2
1182,3
1183,3
1184,3
1185,0
1186,2
1187,1
1188,1
1189,2
1190,1
1190,0
1191,1
1191,0
1192,1
1193,1
1193,0
1194,1
1195,4
1196,2
1197,6
1198,2
1199,6
1200,2
1201,4
1202,6
1203,0
1203,4
1204,2
1204,3
1205,0
1206,2
1207,1
1207,0
1208,4
1208,3
1209,3
1210,1
1211,3
1211,2
1212,6
1213,1
1214,5
1215,6
1216,1
1217,2
1217,3
1218,3
1219,2
1220,5
1221,2
1221,3
1222,3
1223,4
1224,0
1224,1
1225,6
1226,3
1226,4
1227,4
1227,3
1228,3
1229,3
1230,2
1231,2
1232,3
1233,3
1234,1
1235,2
1236,2
1236,3
1237,4
1237,3
1238,0
1239,0
1240,2
1241,2
1242,1
1243,1
1244,2
1245,0
1246,3
1247,3
1248,4
1249,2
1249,3
1250,3
1251,1
1252,4
1253,2
1254,4
1254,0
1255,2
1256,2
1257,3
1258,3
1259,0
1259,1
1260,1
1261,1
1262,1
1263,2
1264,4
1264,3
1265,3
1266,2
1267,1
1268,2
1269,1
1269,0
1270,0
1271,3
1271,4
1272,6
1273,2
1274,2
1275,4
1276,3
1276,2
1277,1
1278,3
1278,2
1279,5
1280,4
1280,0
1281,3
1282,6
1283,1
1283,0
1284,2
1284,3
1285,4
1286,2
1287,3
1288,4
1289,3
1289,4
1290,4
1291,4
1292,1
1293,2
1294,6
1295,4
1296,4
1297,4
1298,2
1299,6
1300,4
1301,6
1302,2
1304,3
1305,1
1305,0
1306,1
1307,0
1308,4
1309,5
1310,0
1311,1
1312,2
1313,3
1313,4
1314,5
1315,4
1316,3
1316,4
1317,1
1318,1
1319,4
1320,1
1321,4
1322,4
1323,1
1324,4
1325,3
1326,4
1327,3
1328,2
1329,3
1330,0
1331,4
1331,3
1332,3
1333,1
1334,0
1335,2
1336,1
1337,3
1338,1
1339,1
1340,4
1341,4
1342,3
1342,2
1343,3
1344,4
1345,4
1346,2
1347,5
1348,6
1349,3
1350,5
1351,2
1351,3
1352,0
1352,1
1353,2
1354,6
1355,4
1355,3
1356,4
1357,1
1358,0
1358,1
1359,3
1360,0
1360,1
1361,4
1362,0
1363,0
1364,4
1364,3
1365,4
1366,4
1366,0
1367,3
1368,0
1368,4
1369,1
1370,1
1370,0
1371,3
1372,1
1372,0
1373,1
1373,0
1374,1
1375,3
1376,1
1376,0
1377,1
1378,1
1379,4
1379,3
1380,6
1381,0
1382,1
1383,3
1384,4
1385,6
1386,3
1387,3
1388,4
1389,6
1390,4
1390,3
1391,2
1392,4
1393,1
1394,4
1395,4
1395,3
1396,4
1396,3
1397,1
1398,1
1399,2
1400,0
1401,2
1402,1
1402,0
1403,2
1404,5
1405,4
1406,0
1407,3
1408,2
1409,4
1409,0
1410,3
1410,4
1412,0
1413,3
1415,2
1415,3
1416,1
1416,0
1417,4
1418,2
1418,3
1419,4
1420,1
1421,6
1423,6
1424,4
1425,1
1426,6
1427,0
1427,1
1428,3
1429,2
1430,3
1431,3
1432,4
1433,0
1433,1
1434,6
1435,1
1436,0
1436,1
1437,0
1438,2
1439,4
1440,6
1441,3
1442,1
1442,0
1443,5
1444,2
1445,1
1446,2
1447,1
1448,3
1449,4
1450,1
1451,2
1451,3
1452,2
1452,3
1453,6
1454,4
1455,3
1455,4
1456,3
1457,1
1458,1
1458,0
1459,3
1459,4
1460,1
1461,4
1462,2
1462,3
1463,6
1464,1
1464,0
1465,0
1465,4
1466,1
1467,5
1468,4
1469,4
1469,3
1470,6
1471,1
1472,1
1473,3
1474,1
1475,4
1475,3
1476,2
1476,3
1477,0
1477,4
1478,1
1479,2
1479,3
1480,0
1481,2
1482,0
1483,6
1484,6
1485,0
1485,4
1486,4
1487,3
1488,3
1489,4
1490,3
1490,4
1491,0
1492,2
1493,2
1494,0
1495,4
1496,2
1496,3
1497,2
1498,2
1499,3
1499,2
1500,3
1501,6
1502,3
1503,3
1504,4
1505,1
1506,3
1507,3
1507,4
1508,4
1509,3
1509,2
1510,0
1511,4
1512,3
1513,4
1513,0
1514,2
1515,2
1516,2
1517,0
1518,4
1519,2
1520,5
1521,1
1522,3
1522,2
1523,3
1524,2
1525,0
1525,1
1526,4
1527,0
1527,1
1528,1
1529,2
1530,0
1531,2
1532,0
1533,3
1533,4
1534,1
1535,3
1536,1
1537,4
1538,2
1539,2
1540,1
1541,4
1542,3
1542,2
1543,1
1544,3
1544,4
1545,2
1545,3
1546,0
1547,6
1548,0
1549,3
1550,0
1551,4
1552,3
1553,3
1554,2
1555,2
1556,0
1556,1
1557,4
1558,3
1558,2
1559,3
1559,2
1560,1
1561,1
1561,0
1562,3
1562,2
1563,0
1564,4
1565,4
1566,2
1567,0
1568,6
1569,3
1570,3
1571,0
1572,1
1572,0
1573,3
1574,6
1575,4
1576,5
1577,0
1578,1
1579,0
1580,1
1581,3
1582,2
1582,3
1583,0
1584,3
1585,3
1586,3
1588,3
1589,0
1589,1
1590,1
1590,0
1591,1
1591,0
1592,1
1594,5
1595,3
1596,2
1597,3
1598,2
1598,3
1599,2
1599,3
1600,1
1601,0
1601,4
1602,6
1604,3
1604,2
1605,4
1605,0
1606,4
1607,6
1608,0
1609,0
1610,3
1611,4
1611,3
1612,0
1613,6
1614,4
1615,4
1616,3
1617,3
1618,5
1619,3
1620,2
1620,3
1621,2
1622,2
1623,3
1623,2
1624,1
1625,2
1626,0
1626,1
1627,0
1628,2
1629,3
1630,4
1631,1
1632,2
1633,3
1633,2
1634,3
1635,4
1636,3
1637,0
1638,3
1639,0
1639,4
1640,0
1640,1
1641,0
1642,1
1643,1
1644,1
1644,0
1645,5
1646,4
1647,0
1647,1
1648,0
1649,4
1649,0
1650,5
1651,3
1652,3
1653,2
1654,4
1654,3
1655,1
1656,4
1656,3
1657,4
1658,2
1658,3
1659,2
1659,3
1660,3
1660,4
1661,4
1662,3
1662,2
1663,3
1664,4
1665,0
1666,3
1666,4
1667,1
1668,1
1669,4
1670,2
1670,3
1671,6
1672,6
1673,2
1674,5
1675,0
1676,0
1676,1
1677,4
1678,2
1679,4
1680,1
1680,0
1681,2
1681,3
1682,0
1683,2
1684,3
1684,4
1685,1
1686,2
1687,0
1688,6
1689,0
1689,4
1690,3
1690,2
1691,1
1692,0
1693,6
1694,2
1695,3
1696,3
1696,4
1697,4
1698,0
1699,1
1700,4
1701,3
1701,2
1702,6
1703,0
1704,0
1705,3
1706,1
1707,1
1708,1
1709,1
1710,3
1710,4
1711,6
1712,1
1713,2
1714,4
1714,0
1715,4
1715,0
1716,3
1717,4
1717,3
1718,0
1719,3
1719,2
1720,4
1720,0
1721,3
1721,2
1722,2
1723,2
1723,3
1724,6
1725,0
1725,4
1726,3
1727,0
1728,3
1728,4
1729,3
1730,6
1731,1
1731,0
1732,2
1733,5
1734,3
1734,2
1735,1
1735,0
1736,2
1737,0
1737,1
1738,2
1739,5
1740,2
1741,3
1742,4
1743,2
1744,0
1745,3
1746,3
1746,4
1747,3
1747,4
1748,0
1749,0
1750,4
1751,2
1752,0
1753,6
1754,2
1755,2
1756,0
1756,4
1757,0
1757,1
1758,0
1758,4
1759,2
1759,3
1760,0
1761,1
1762,4
1763,4
1764,6
1765,3
1766,2
1767,1
1768,0
1768,4
1769,3
1770,4
1771,3
1772,2
1773,0
1774,0
1775,1
1776,4
1777,5
1778,3
1778,4
1779,4
1780,0
1780,4
1781,3
1782,3
1782,4
1783,3
1784,0
1784,4
1785,2
1786,3
1786,4
1787,3
1788,0
1789,3
1789,4
1790,0
1791,0
1792,3
1793,0
1794,4
1795,0
1795,1
1796,2
1797,0
1798,1
1799,2
1800,3
1801,2
1801,3
1802,0
1802,1
1803,4
1804,2
1804,3
1805,2
1806,3
1807,4
1807,0
1808,3
1808,2
1809,3
1810,0
1811,3
1811,2
1812,3
1814,0
1815,4
1816,6
1817,4
1817,3
1818,1
1819,3
1819,4
1820,4
1821,0
1821,1
1822,0
1822,1
1823,4
1824,0
1824,1
1825,4
1826,3
1827,5
1828,3
1829,4
1830,5
1831,2
1832,4
1833,1
1834,5
1835,1
1836,5
1837,3
1838,4
1838,3
1839,4
1840,1
1841,3
1842,3
1843,0
1843,4
1844,0
1845,0
1845,4
1846,0
1846,1
1847,1
1848,6
1849,6
1850,6
1851,6
1852,3
1852,4
1853,2
1854,3
1854,2
1855,2
1857,0
1858,0
1859,1
1860,1
1861,2
1862,4
1863,2
1864,3
1864,2
1865,2
1866,1
1867,3
1868,0
1868,4
1870,3
1871,4
1871,3
1872,0
1872,4
1873,1
1874,1
1875,5
1876,2
1877,0
1877,1
1878,2
1878,3
1879,4
1879,3
1880,2
1881,0
1881,1
1882,4
1883,4
1884,4
1885,1
1886,3
1887,3
1888,4
1888,3
1889,1
1890,5
1891,3
1892,0
1893,2
1894,4
1895,1
1896,5
1897,3
1897,4
1898,2
1899,4
1900,4
1901,1
1902,1
1902,0
1903,1
1904,4
1905,0
1906,1
1907,3
1908,3
1908,2
1909,4
1910,1
1911,5
1912,4
1913,3
1914,0
1915,6
1916,3
1917,2
1918,0
1919,3
1920,3
1921,1
1922,4
1923,1
1924,4
1925,4
1925,0
1926,0
1927,3
1928,2
1929,3
1929,4
1930,2
1930,3
1931,1
1932,0
1933,3
1934,6
1935,3
1936,0
1936,4
1937,1
1938,5
1939,3
1940,4
1940,0
1941,2
1942,2
1943,3
1944,2
1944,3
1945,3
1946,2
1947,0
1948,0
1949,3
1949,2
1950,4
1950,0
1951,4
1951,3
1952,1
1952,0
1953,1
1953,0
1954,3
1955,0
1956,2
1956,3
1957,0
1957,1
1958,3
1958,2
1959,0
1960,3
1961,4
1961,0
1962,3
1963,2
1963,3
1964,4
1965,3
1966,3
1967,3
1967,4
1968,3
1969,3
1969,2
1970,3
1971,0
1972,3
1973,3
1974,0
1974,4
1975,3
1976,3
1977,2
1978,3
1978,2
1979,1
1980,3
1980,2
1981,2
1982,4
1982,3
1983,1
1983,0
1984,0
1985,0
1985,4
1986,1
1987,3
1987,2
1988,0
1988,1
1989,3
1989,4
1990,5
1991,3
1992,0
1992,1
1993,4
1993,0
1994,3
1994,2
1995,4
1995,0
1996,4
1996,3
1997,1
1997,0
1998,0
1998,1
1999,3
2000,4
2001,3
2002,3
2003,3
2004,6
2005,2
2006,4
2006,0
2007,3
2008,1
2008,0
2009,0
2009,1
2010,4
2010,3
2011,1
2012,3
2013,2
2014,1
2015,4
2016,4
2016,0
2017,4
2018,1
2019,0
2019,1
2020,5
2021,2
2021,3
2022,3
2022,2
2023,2
2024,5
2025,0
2026,3
2027,5
2028,4
2029,0
2029,4
2030,0
2031,0
2032,0
2033,4
2034,3
2035,2
2036,3
2037,4
2038,0
2038,1
2039,3
2039,2
2040,2
2041,2
2041,3
2042,0
2043,0
2044,3
2045,0
2045,1
2046,4
2047,1
2048,1
2049,3
2050,3
2051,4
2052,3
2053,4
2053,3
2054,1
2054,0
2055,2
2056,0
2057,2
2058,5
2059,1
2060,1
2061,0
2062,1
2063,2
2064,0
2065,0
2065,4
2066,3
2067,3
2068,5
2069,0
2070,1
2071,4
2071,0
2072,0
2074,3
2074,4
2075,4
2075,0
2076,1
2077,5
2078,0
2079,4
2080,1
2080,0
2081,3
2081,4
2082,3
2083,3
2083,2
2084,0
2085,4
2086,4
2086,0
2087,4
2087,0
2088,2
2089,2
2089,3
2090,4
2090,0
2091,0
2092,1
2092,0
2093,2
2094,3
2095,3
2096,2
2096,3
2097,4
2097,3
2098,1
2098,0
2099,4
2099,3
2100,4
2101,4
2101,0
2102,0
2103,0
2103,1
2104,1
2105,3
2106,0
2106,1
2107,3
2108,2
2108,3
2109,4
2109,0
2110,3
2110,4
2111,5
2112,0
2113,3
2114,4
2114,0
2115,3
2116,3
2117,1
2117,0
2118,3
2119,3
2119,2
2120,5
2121,3
2121,2
2122,0
2123,1
2124,3
2125,6
2126,4
2127,2
2128,2
2128,3
2129,3
2129,4
2130,3
2131,4
2132,4
2133,4
2134,3
2135,2
2135,3
2136,1
2136,0
2137,4
2138,4
2138,0
2139,2
2140,0
2141,1
2141,0
2142,1
2142,0
2143,4
2144,4
2145,2
2145,3
2146,1
2147,4
2148,2
2149,0
2150,4
2151,0
2152,3
2153,3
2154,2
2155,0
2156,1
2157,0
2157,1
2158,1
2159,3
2159,4
2160,3
2161,6
2162,0
2163,1
2164,1
2165,4
2166,3
2166,2
2167,0
2168,0
2168,4
2169,0
2170,3
2170,2
2171,0
2172,1
2172,0
2173,4
2173,3
2174,3
2174,2
2175,4
2176,3
2177,0
2178,4
2179,4
2180,1
2180,0
2181,0
2182,4
2183,4
2184,0
2185,3
2186,3
2187,0
2188,4
2189,0
2190,0
2190,4
2191,1
2192,4
2192,0
2193,2
2194,2
2194,3
2195,3
2195,4
2196,2
2197,2
2198,3
2198,4
2199,0
2200,1
2201,1
2202,3
2203,2
2204,3
2204,4
2205,1
2206,3
2207,0
2208,1
2209,4
2210,0
2210,1
2212,1
2213,2
2213,3
2214,0
2214,4
2215,2
2216,4
2217,0
2218,2
2219,1
2220,4
2221,0
2222,2
2222,3
2223,4
2223,0
2224,3
2225,1
2225,0
2226,0
2227,2
2228,6
2229,0
2230,2
2231,6
2232,0
2232,1
2233,4
2234,3
2235,4
2236,2
2236,3
2238,0
2239,0
2239,1
2240,0
2241,4
2242,1
2243,1
2244,1
2245,0
2246,1
2247,2
2248,4
2248,0
2250,3
2251,4
2251,0
2252,4
2253,0
2254,3
2255,3
2256,4
2257,2
2257,3
2258,0
2259,1
2259,0
2260,2
2261,3
2261,2
2262,2
2263,3
2264,3
2264,2
2265,6
2268,3
2268,2
2269,2
2269,3
2270,2
2271,5
2272,3
2273,2
2273,3
2274,2
2275,0
2276,2
2277,2
2278,3
2279,0
2280,1
2281,3
2282,1
2282,0
2283,3
2283,2
2284,4
2284,3
2285,4
2285,3
2286,4
2286,0
2287,0
2287,1
2288,4
2289,1
2289,0
2290,2
2291,2
2292,2
2293,0
2294,2
2295,0
2296,2
2297,2
2298,2
2299,0
2300,2
2300,3
2301,3
2302,4
2303,4
2303,3
2304,2
2305,3
2306,4
2307,1
2307,0
2308,6
2309,4
2309,3
2310,2
2311,2
2311,3
2312,3
2313,4
2314,1
2315,2
2316,3
2317,4
2318,6
2319,0
2319,4
2320,1
2321,4
2322,4
2323,2
2324,2
2325,3
2326,4
2327,0
2327,4
2328,0
2329,6
2330,6
2331,4
2332,3
2333,6
2334,3
2335,2
2336,2
2336,3
2337,1
2337,0
2338,5
2339,4
2340,4
2340,3
2341,3
2342,1
2342,0
2343,0
2344,0
2345,3
2346,4
2347,3
2348,0
2348,4
2349,1
2350,2
2350,3
2351,2
2352,2
2353,3
2354,2
2355,2
2356,4
2357,1
2358,0
2359,3
2360,0
2361,2
2362,5
2363,0
2364,3
2365,4
2365,1
2366,3
2367,0
2368,0
2369,0
2370,4
2370,0
2371,2
2371,3
2372,2
2373,4
2374,2
2375,4
2376,0
2377,4
2378,0
2378,4
2379,2
2380,3
2380,2
2381,4
2382,1
2383,4
2384,3
2385,1
2386,1
2387,2
2388,3
2389,2
2389,3
2390,0
2391,2
2391,3
2392,4
2392,3
2393,1
2394,3
2395,4
2395,3
2396,2
2397,1
2398,2
2399,1
2400,1
2401,0
2401,4
2402,0
2402,4
2403,1
2404,0
2405,0
2406,4
2406,0
2407,0
2408,3
2408,4
2409,4
2410,4
2411,4
2412,0
2413,1
2414,3
2415,4
2416,2
2417,4
2418,3
2419,0
2419,4
2420,0
2421,0
2421,4
2422,2
2423,4
2423,3
2424,0
2425,0
2426,3
2427,4
2428,0
2429,3
2430,2
2431,0
2431,4
2432,1
2432,0
2433,6
2434,4
2434,0
2435,0
2436,1
2437,0
2438,3
2439,3
2440,2
2440,3
2441,3
2441,2
2442,4
2442,3
2443,3
2444,4
2444,0
2445,1
2446,1
2446,0
2447,1
2448,0
2449,1
2450,3
2450,4
2451,3
2452,0
2453,0
2454,4
2455,1
2455,0
2456,2
2457,1
2457,0
2458,0
2458,1
2459,2
2459,3
2460,3
2461,4
2461,0
2462,3
2463,4
2463,3
2464,1
2465,2
2465,3
2466,4
2467,4
2467,0
2468,4
2469,3
2469,2
2470,4
2471,0
2472,0
2472,1
2473,1
2474,3
2474,4
2475,0
2476,3
2476,4
2477,4
2477,0
2478,4
2479,0
2480,3
2481,4
2482,4
2482,3
2483,4
2484,2
2484,3
2485,4
2486,4
2487,2
2488,1
2489,3
2490,0
2491,2
2491,3
2492,0
2493,2
2494,4
2495,3
2496,3
2496,2
2497,1
2498,4
2498,0
2499,0
2500,4
2500,0
2501,1
2502,3
2503,4
2504,0
2504,1
2505,4
2506,3
2507,0
2508,2
2509,2
2510,0
2511,2
2511,3
2512,0
2512,4
2513,2
2514,4
2515,2
2516,4
2517,1
2518,2
2519,1
2520,3
2520,4
2521,3
2521,2
2522,0
2523,4
2524,1
2524,0
2525,5
2526,1
2527,1
2528,2
2528,3
2529,1
2530,4
2531,1
2532,0
2533,3
2533,2
2534,6
2535,4
2536,3
2538,0
2538,1
2539,5
2540,4
2541,4
2541,0
2542,4
2543,1
2544,1
2545,1
2545,0
2546,5
2547,4
2547,3
2548,5
2549,4
2549,3
2550,3
2550,4
2551,2
2552,5
2553,1
2554,5
2555,0
2556,1
2557,5
2558,2
2559,0
2560,2
2561,5
2562,0
2563,3
2564,3
2565,2
2565,3
2566,1
2566,0
2567,5
2568,1
2569,1
2570,0
2571,3
2571,2
2572,6
2573,2
2574,0
2575,5
2576,4
2577,3
2578,0
2578,1
2579,0
2580,4
2581,3
2582,4
2583,4
2583,0
2584,4
2585,5
2586,0
2586,4
2587,3
2587,2
2588,1
2589,1
2590,2
2590,3
2591,0
2592,4
2593,6
2594,0
2594,1
2595,1
2596,0
2597,4
2598,0
2598,1
2599,4
2600,0
2600,4
2601,2
2601,3
2602,3
2603,0
2604,4
2604,0
2605,4
2606,3
2607,5
2608,1
2609,3
2610,0
2611,3
2612,2
2613,3
2614,4
2615,4
2616,4
2617,6
2618,3
2618,2
2619,2
2620,4
2621,4
2622,2
2622,3
2623,3
2624,4
2624,0
2625,3
2626,2
2627,4
2627,0
2628,1
2629,3
2630,1
2630,0
2631,5
2632,1
2633,3
2634,4
2634,0
2635,1
2636,2
2637,6
2638,4
2639,6
2640,6
2641,0
2642,1
2643,3
2644,0
2644,1
2645,1
2646,4
2646,0
2647,6
2648,4
2649,5
2650,5
2651,6
2652,4
2653,4
2653,3
2654,5
2655,2
2656,2
2656,3
2657,2
2658,0
2658,1
2659,2
2660,4
2660,0
2661,4
2662,1
2663,1
2664,1
2665,1
2666,4
2666,0
2667,4
2668,3
2669,4
2670,2
2671,1
2672,6
2673,2
2674,1
2675,1
2676,3
2676,4
2677,1
2678,3
2679,0
2680,3
2681,0
2682,1
2683,4
2684,3
2685,4
2686,1
2687,6
2688,1
2689,1
2690,0
2691,4
2692,1
2693,4
2694,0
2694,1
2695,3
2696,5
2697,5
2698,1
2699,1
2700,2
2700,3
2701,3
2702,3
2703,3
2704,1
2704,0
2705,0
2706,0
2707,5
2708,0
2709,3
2709,4
2710,2
2711,6
2712,4
2712,0
2713,4
2714,0
2714,4
2715,1
2716,3
2717,0
2717,1
2718,4
2719,4
2719,0
2720,0
2721,3
2722,0
2722,4
2723,1
2724,4
2726,2
2726,4
2727,1
2727,0
2728,1
2728,0
2729,0
2730,2
2731,0
2731,4
2732,3
2733,0
2733,1
2734,5
2735,4
2736,1
2737,3
2738,4
2739,0
2739,1
2740,3
2741,1
2742,6
2743,2
2743,3
2744,4
2745,3
2746,3
2746,4
2747,0
2748,4
2749,1
2750,1
2751,4
2752,1
2753,0
2754,4
2755,0
2755,1
2756,0
2757,1
2758,4
2758,0
2759,1
2760,3
2761,3
2762,3
2763,4
2764,1
2765,3
2766,3
2766,2
2767,2
2768,3
2769,2
2770,3
2771,3
2772,0
2772,4
2773,0
2774,1
2775,3
2776,5
2777,5
2778,1
2778,0
2779,6
2780,0
2781,2
2782,0
2783,0
2784,1
2786,1
2787,2
2788,4
2789,2
2789,3
2790,3
2790,4
2791,0
2792,1
2793,5
2794,2
2794,3
2795,3
2796,1
2797,2
2797,3
2798,3
2799,2
2800,1
2800,0
2801,3
2802,3
2803,4
2804,0
2806,3
2807,4
2807,3
2808,2
2809,0
2810,2
2811,3
2812,1
2813,2
2814,4
2815,2
2816,6
2817,6
2818,3
2819,2
2819,3
2820,2
2820,3
2821,2
2822,1
2823,3
2824,4
2825,1
2826,4
2827,1
2827,0
2828,2
2829,4
2830,2
2831,3
2832,2
2833,2
2834,0
2834,1
2835,3
2836,2
2836,3
2837,0
2838,3
2839,1
2840,6
2841,2
2841,3
2842,6
2843,2
2844,4
2845,4
2846,1
2847,4
2847,3
2848,4
2848,3
2849,4
2849,0
2850,3
2850,4
2851,3
2852,4
2853,3
2854,0
2855,3
2855,4
2856,3
2857,0
2858,2
2859,2
2859,3
2860,0
2861,1
2861,0
2862,4
2862,0
2863,5
2864,2
2865,1
2866,0
2866,4
2867,4
2868,2
2869,2
2869,3
2870,1
2871,1
2872,2
2873,1
2874,4
2875,3
2876,1
2876,0
2877,4
2878,4
2879,0
2880,1
2881,4
2882,4
2883,4
2884,0
2885,3
2886,3
2886,2
2887,5
2888,0
2889,0
2890,0
2891,3
2892,3
2893,1
2894,0
2894,4
2895,1
2896,1
2896,0
2897,1
2898,3
2898,2
2899,2
2900,1
2901,3
2902,4
2903,4
2904,3
2904,2
2905,4
2905,3
2906,0
2906,4
2907,3
2908,0
2908,1
2909,0
2910,1
2911,2
2911,3
2912,2
2913,2
2914,2
2915,6
2916,0
2916,1
2917,2
2917,3
2918,2
2919,0
2919,1
2920,2
2921,0
2922,2
2923,2
2924,6
2925,2
2926,2
2926,3
2927,3
2928,4
2929,4
2930,0
2931,0
2932,5
2933,4
2933,3
2934,3
2935,4
2936,4
2938,3
2939,1
2940,2
2941,4
2941,0
2942,4
2943,1
2943,0
2944,2
2945,3
2946,3
2947,4
2948,2
2948,3
2949,1
2950,4
2951,1
2952,5
2953,2
2953,3
2954,3
2954,2
2955,3
2956,2
2957,6
2958,3
2959,3
2960,1
2960,0
2961,6
2962,2
2963,4
2964,4
2965,1
2966,1
2967,0
2967,4
2968,1
2969,1
2970,3
2971,6
2972,0
2972,1
2973,3
2973,4
2974,0
2975,1
2975,0
2976,5
2977,2
2978,3
2979,0
2980,1
2980,0
2981,2
2982,0
2983,0
2984,1
2985,1
2985,0
2986,3
2987,6
2988,2
2989,5
2990,3
2990,4
2991,2
2992,0
2993,4
2993,0
2994,4
2995,0
2996,2
2997,4
2998,3
2999,3
3000,3
3001,5
3002,3
3003,4
3003,3
3004,2
3005,3
3005,4
3006,5
3007,4
3008,4
3008,0
3009,1
3010,0
3010,4
3011,0
3012,0
3012,1
3013,3
3014,4
3015,3
3016,4
3017,0
3017,4
3018,2
3019,4
3020,3
3020,4
3021,4
3022,4
3023,3
3024,4
3025,1
3026,4
3026,0
3027,4
3028,4
3029,4
3030,3
3031,2
3032,5
3033,1
3034,1
3035,0
3036,4
3037,2
3037,3
3038,2
3039,4
3040,0
3040,1
3041,3
3041,2
3042,4
3042,0
3043,1
3044,4
3045,4
3046,2
3047,3
3048,3
3049,3
3050,4
3051,2
3052,0
3053,4
3053,3
3054,2
3055,3
3056,0
3056,1
3057,0
3058,0
3059,3
3060,1
3061,3
3062,0
3063,4
3063,3
3064,0
3065,2
3066,3
3066,4
3067,6
3068,0
3069,2
3069,3
3070,0
3070,1
3071,4
3072,3
3072,2
3073,4
3074,4
3075,0
3075,1
3076,2
3077,0
3078,3
3079,4
3080,3
3081,2
3081,3
3082,3
3083,3
3083,2
3084,2
3085,6
3086,0
3086,4
3087,1
3087,0
3088,0
3089,3
3090,2
3090,3
3091,3
3091,2
3092,3
3093,2
3094,4
3094,0
3095,2
3096,4
3097,3
3098,5
3099,2
3100,3
3101,2
3101,3
3102,6
3103,3
3104,0
3104,4
3105,1
3106,3
3106,4
3107,4
3108,3
3108,2
3109,1
3110,3
3111,4
3112,3
3112,2
3113,3
3113,2
3114,6
3115,2
3116,2
3117,3
3118,1
3119,1
3120,3
3121,3
3122,4
3122,0
3123,0
3124,4
3125,4
3126,0
3127,3
3128,3
3129,4
3129,0
3130,0
3130,4
3131,4
3132,1
3133,4
3133,3
3134,4
3134,0
3135,4
3136,0
3136,4
3137,4
3138,1
3139,4
3139,0
3140,0
3141,0
3141,1
3142,2
3143,3
3144,0
3145,5
3146,0
3147,1
3148,4
3148,3
3149,1
3150,0
3150,4
3151,3
3151,4
3152,3
3153,3
3153,4
3154,0
3155,4
3156,1
3157,3
3158,2
3159,3
3160,2
3161,4
3162,0
3163,3
3163,2
3164,1
3165,2
3165,3
3166,4
3167,4
3168,5
3169,3
3170,4
3171,4
3171,3
3172,4
3173,3
3174,2
3175,4
3176,3
3177,3
3178,4
3179,2
3180,2
3181,3
3181,4
3182,4
3183,6
3184,2
3185,4
3186,2
3186,3
3187,2
3187,3
3188,1
3189,4
3190,4
3190,0
3191,6
3192,6
3193,1
3194,4
3195,2
3196,0
3197,4
3198,2
3199,0
3200,3
3201,2
3202,3
3203,0
3204,3
3204,2
3205,5
3206,0
3206,1
3207,0
3208,0
3209,6
3210,0
3210,1
3211,3
3212,3
3213,0
3214,0
3215,0
3216,0
3217,5
3218,1
3219,2
3220,2
3221,3
3221,2
3222,0
3222,1
3223,1
3224,2
3224,3
3225,5
3226,3
3226,2
3227,2
3228,3
3229,5
3230,1
3231,0
3232,1
3233,3
3233,4
3234,1
3234,0
3235,2
3236,3
3237,4
3237,0
3238,1
3238,0
3239,5
3240,0
3240,1
3241,0
3242,4
3242,0
3243,0
3244,2
3245,0
3246,4
3246,3
3247,5
3248,1
3248,0
3249,1
3250,1
3251,1
3252,4
3253,0
3254,1
3255,2
3256,4
3257,4
3258,3
3258,2
3259,3
3259,4
3260,1
3260,0
3261,6
3262,2
3262,3
3263,0
3264,6
3265,0
3266,1
3266,0
3267,4
3268,4
3269,4
3270,1
3271,0
3272,1
3273,4
3274,4
3275,3
3276,4
3277,4
3278,4
3278,3
3279,1
3279,0
3280,0
3281,3
3282,6
3283,4
3284,4
3284,0
3285,1
3286,2
3286,3
3287,0
3288,3
3289,0
3289,1
3290,3
3291,4
3292,3
3293,1
3294,4
3295,2
3296,2
3296,3
3297,3
3297,4
3298,4
3299,4
3299,0
3300,0
3301,5
3302,2
3303,1
3304,3
3305,2
3306,3
3306,2
3307,3
3308,4
3310,4
3310,0
3311,4
3312,4
3313,0
3314,3
3315,4
3315,0
3316,4
3317,3
3317,2
3318,1
3319,0
3320,0
3321,4
3322,4
3323,0
3324,6
3325,1
3326,1
3326,0
3327,1
3328,3
3328,4
3329,4
3330,1
3331,3
3331,2
3332,4
3333,2
3333,3
3334,4
3335,3
3336,3
3336,2
3337,1
3337,0
3338,3
3339,3
3340,4
3341,1
3342,3
3343,4
3344,3
3345,4
3346,3
3347,4
3347,0
3348,0
3349,3
3349,2
3350,1
3351,4
3352,2
3353,6
3354,2
3355,1
3355,0
3356,1
3357,3
3358,1
3359,3
3360,3
3360,4
3361,3
3362,2
3363,0
3364,0
3364,4
3365,3
3366,0
3367,3
3368,1
3369,1
3370,4
3370,3
3371,2
3372,4
3373,3
3374,0
3374,4
3375,0
3376,6
3377,2
3378,1
3378,0
3379,4
3380,4
3380,0
3381,5
3382,3
3383,1
3384,3
3385,2
3386,4
3386,3
3387,2
3388,0
3389,2
3390,3
3391,0
3392,0
3393,1
3393,4
3394,0
3395,3
3396,1
3396,0
3397,1
3398,6
3399,2
3400,0
3400,1
3401,4
3401,3
3402,2
3402,4
3403,5
3404,5
3405,1
3405,0
3406,4
3406,3
3407,3
3408,1
3409,3
3410,0
3411,5
3412,2
3413,1
3414,3
3415,3
3416,2
3416,3
3417,5
3418,1
3419,0
3419,4
3420,6
3421,3
3422,4
3423,0
3423,1
3424,4
3425,0
3426,2
3426,3
3427,2
3427,3
3428,0
3428,4
3429,3
3430,4
3431,4
3432,3
3432,2
3433,4
3434,0
3435,4
3436,0
3436,1
3437,2
3437,3
3438,4
3438,3
3439,1
3439,0
3440,5
3441,0
3442,1
3443,0
3444,3
3445,4
3447,1
3448,0
3449,1
3450,1
3451,6
3452,6
3453,4
3453,0
3454,4
3455,5
3456,5
3457,4
3457,0
3458,0
3458,4
3459,0
3460,0
3460,1
3461,0
3461,1
3462,2
3463,6
3464,4
3465,4
3466,2
3467,1
3468,2
3469,4
3469,0
3470,3
3471,4
3471,0
3472,3
3473,0
3474,2
3475,3
3476,1
3477,0
3477,1
3478,0
3479,3
3480,6
3481,1
3482,2
3483,4
3483,0
3484,2
3485,3
3485,2
3486,3
3487,2
3487,3
3488,3
3489,3
3489,2
3490,2
3491,3
3492,4
3492,3
3493,4
3494,1
3495,1
3496,2
3497,0
3497,1
3498,3
3498,4
3499,2
3500,1
3501,3
3502,0
3502,4
3503,4
3503,3
3504,0
3505,3
3506,4
3506,3
3507,2
3507,3
3508,1
3509,1
3509,0
3510,3
3511,0
3512,4
3513,0
3514,0
3515,3
3516,3
3516,2
3517,1
3518,5
3519,4
3520,1
3520,0
3521,2
3521,3
3522,4
3523,2
3524,0
3525,1
3526,3
3527,4
3527,0
3528,0
3529,1
3529,0
3530,6
3531,1
3532,1
3534,0
3535,1
3536,6
3537,3
3538,4
3539,1
3540,0
3541,2
3542,1
3543,3
3544,4
3545,1
3546,5
3547,0
3548,0
3548,4
3549,3
3550,3
3551,2
3551,3
3552,0
3552,1
3553,2
3553,3
3554,3
3554,2
3555,4
3556,1
3557,2
3558,4
3558,3
3559,4
3560,1
3562,3
3563,4
3563,3
3564,3
3565,6
3566,4
3567,4
3568,2
3569,2
3569,3
3570,0
3571,1
3572,5
3573,5
3574,5
3575,5
3576,5
3577,5
3578,4
3579,6
3580,1
3580,0
3581,1
3582,4
3583,4
3584,1
3584,0
3585,3
3585,2
3586,5
3587,1
3588,0
3588,1
3589,1
3590,1
3591,1
3592,0
3592,4
3593,4
3594,6
3595,1
3596,3
3596,2
3597,1
3598,0
3599,1
3599,0
3600,1
3601,0
3601,4
3602,2
3603,3
3604,1
3605,3
3605,4
3606,0
3607,1
3607,0
3608,3
3608,2
3609,1
3610,0
3610,4
3611,1
3611,0
3612,1
3613,5
3614,2
3614,3
3615,2
3616,4
3617,3
3618,4
3619,2
3620,3
3621,2
3621,3
3622,5
3623,1
3624,0
3625,1
3625,0
3626,4
3627,3
3627,4
3628,1
3628,0
3629,1
3630,2
3631,6
3632,4
3632,0
3633,0
3634,1
3634,0
3635,0
3636,4
3637,4
3637,0
3638,1
3639,2
3640,1
3641,6
3642,1
3643,4
3644,0
3645,4
3645,0
3646,3
3647,2
3648,2
3649,4
3650,4
3651,4
3652,4
3653,4
3654,4
3655,3
3656,0
3657,1
3657,0
3658,0
3659,1
3661,1
3662,1
3663,2
3664,2
3665,4
3666,0
3667,5
3668,2
3669,2
3670,6
3671,2
3671,3
3672,4
3672,3
3673,6
3674,4
3675,1
3676,3
3677,1
3678,2
3679,4
3680,1
3681,4
3682,2
3682,3
3683,2
3683,3
3684,6
3685,1
3686,3
3686,4
3687,3
3687,4
3688,0
3689,2
3690,4
3690,3
3691,2
3692,3
3693,5
3694,6
3695,1
3695,0
3696,4
3697,1
3698,6
3699,5
3700,4
3700,0
3701,0
3702,1
3703,4
3704,5
3705,5
3706,4
3707,6
3708,0
3709,1
3710,3
3711,0
3712,4
3712,3
3713,1
3714,4
3714,0
3715,5
3716,1
3717,3
3718,2
3719,0
3720,5
3721,1
3721,0
3722,3
3722,4
3723,3
3723,4
3724,3
3724,2
3725,2
3726,3
3727,0
3728,2
3728,3
3729,4
3730,1
3731,2
3732,2
3733,3
3734,4
3735,5
3736,5
3737,3
3738,1
3739,4
3740,1
3741,3
3742,1
3743,1
3744,1
3745,1
3746,0
3747,2
3748,4
3749,3
3750,0
3751,3
3752,1
3753,1
3754,4
3755,1
3756,0
3757,5
3758,1
3759,2
3760,1
3761,0
3761,1
3762,2
3763,0
3764,3
3764,2
3765,0
3765,1
3766,4
3766,0
3767,3
3767,4
3768,3
3769,0
3770,0
3770,1
3771,3
3772,4
3772,0
3773,0
3774,1
3775,3
3775,4
3776,3
3776,4
3777,3
3777,2
3778,1
3779,3
3780,1
3781,1
3782,0
3782,1
3783,3
3784,3
3785,6
3786,5
3787,2
3788,3
3789,2
3789,3
3790,4
3791,3
3791,2
3792,3
3793,4
3794,3
3795,3
3795,4
3796,0
3797,3
3798,4
3798,0
3799,4
3799,3
3800,3
3800,2
3801,3
3801,2
3802,4
3804,0
3804,4
3805,0
3806,4
3807,3
3807,4
3808,4
3808,0
3809,1
3810,4
3811,2
3812,0
3812,4
3813,1
3814,2
3814,3
3815,1
3816,3
3817,1
3818,1
3819,1
3820,0
3821,1
3822,3
3823,1
3824,1
3825,0
3826,3
3827,4
3828,1
3829,0
3830,1
3831,0
3832,4
3832,3
3833,2
3834,4
3835,3
3835,2
3836,4
3837,0
3837,4
3838,0
3839,0
3839,1
3840,4
3841,2
3842,4
3842,0
3843,0
3844,2
3845,3
3846,4
3847,4
3847,0
3848,2
3849,0
3850,0
3850,1
3851,3
3851,4
3852,1
3852,0
3853,4
3854,0
3855,3
3856,6
3857,1
3858,1
3858,0
3859,1
3860,4
3860,0
3861,3
3862,1
3862,0
3863,0
3863,1
3864,4
3865,2
3866,3
3866,4
3867,4
3868,0
3869,3
3870,3
3871,3
3871,4
3872,2
3873,2
3874,4
3874,0
3875,2
3876,2
3877,2
3877,3
3878,2
3879,2
3880,2
3881,3
3882,2
3882,3
3883,3
3884,6
3885,2
3886,3
3886,4
3887,0
3887,4
3888,4
3889,1
3890,2
3891,2
3891,3
3892,2
3893,3
3894,0
3895,3
3895,2
3896,1
3897,1
3898,1
3899,0
3900,2
3901,3
3902,3
3903,5
3905,0
3905,1
3906,3
3907,1
3908,3
3909,1
3910,4
3911,2
3911,3
3912,2
3912,3
3913,3
3914,3
3916,0
3917,1
3918,5
3919,3
3920,3
3921,0
3921,1
3922,0
3922,4
3923,1
3924,0
3925,2
3926,1
3927,6
3928,4
3929,5
3930,4
3931,2
3932,0
3933,1
3934,4
3935,3
3935,4
3936,3
3937,5
3938,0
3939,2
3940,0
3940,1
3941,0
3941,1
3942,0
3943,0
3943,1
3944,4
3945,2
3946,3
3947,3
3947,4
3948,1
3949,3
3950,0
3951,4
3952,1
3953,1
3953,0
3954,3
3955,4
3956,3
3957,1
3958,6
3959,0
3960,5
3961,2
3962,1
3963,1
3963,0
3964,5
3965,1
3966,3
3967,4
3968,4
3969,1
3970,3
3970,2
3971,3
3971,4
3972,4
3973,6
3974,3
3974,2
3975,3
3976,3
3977,1
3977,0
3978,4
3978,0
3979,1
3979,0
3980,0
3981,1
3982,1
3982,0
3983,0
3984,3
3985,1
3986,2
3987,2
3987,3
3988,4
3989,3
3990,0
3991,0
3991,1
3992,6
3993,1
3993,0
3994,4
3994,3
3995,0
3996,1
3997,5
3998,4
3999,2
4000,5
4001,6
4002,1
4003,3
4004,0
4004,4
4005,4
4005,3
4006,5
4007,4
4007,3
4008,1
4009,3
4010,3
4011,4
4011,3
4012,4
4013,3
4014,0
4014,1
4015,3
4016,1
4016,0
4017,3
4018,3
4019,3
4019,4
4020,4
4020,3
4021,3
4021,4
4022,3
4023,2
4023,3
4024,3
4025,2
4026,4
4026,3
4027,3
4028,1
4029,0
4029,1
4030,3
4031,3
4032,2
4032,3
4033,5
4034,0
4035,6
4036,3
4037,1
4038,6
4039,1
4040,3
4040,4
4041,0
4042,4
4043,2
4044,3
4045,4
4045,3
4046,4
4047,1
4048,5
4049,1
4050,3
4050,2
4051,2
4052,2
4053,6
4054,1
4055,1
4055,0
4056,3
4056,4
4057,2
4058,1
4058,0
4059,4
4060,4
4061,1
4062,2
4063,0
4064,0
4064,4
4065,0
4065,1
4066,4
4066,0
4067,1
4068,3
4069,2
4070,3
4071,3
4072,1
4073,4
4073,3
4074,3
4075,0
4076,0
4077,1
4078,4
4079,4
4079,3
4080,4
4081,2
4081,3
4082,4
4083,4
4083,3
4084,4
4085,4
4086,2
4087,3
4088,2
4089,3
4090,1
4091,2
4092,3
4093,1
4094,0
4095,2
4096,4
4097,0
4098,0
4099,0
4100,3
4101,0
4101,1
4102,0
4103,1
4103,0
4104,0
4105,1
4106,3
4106,2
4107,5
4108,1
4109,0
4110,2
4110,3
4111,0
4111,4
4112,2
4113,4
4114,0
4114,1
4115,0
4116,0
4117,2
4118,4
4118,0
4119,0
4120,3
4121,3
4121,4
4122,5
4123,2
4124,3
4124,2
4125,2
4126,1
4127,2
4128,2
4129,6
4130,1
4131,2
4132,4
4133,0
4134,3
4135,5
4136,4
4137,6
4138,4
4139,4
4139,3
4140,3
4140,4
4141,1
4142,4
4143,1
4144,5
4145,0
4146,6
4147,3
4148,0
4149,0
4150,0
4150,1
4151,3
4152,0
4153,3
4154,4
4155,1
4156,5
4157,1
4158,2
4158,3
4159,2
4160,0
4161,2
4161,3
4162,4
4163,4
4164,4
4165,0
4165,1
4166,2
4167,1
4168,0
4169,1
4169,0
4170,1
4171,5
4172,3
4173,0
4174,3
4174,4
4175,3
4175,2
4176,1
4177,4
4177,3
4178,4
4179,4
4180,2
4181,3
4182,3
4183,3
4184,2
4185,2
4186,4
4188,1
4189,1
4189,0
4190,1
4191,1
4192,5
4193,0
4194,0
4194,1
4195,3
4196,3
4197,6
4198,1
4199,1
4200,0
4201,1
4202,3
4203,4
4203,0
4204,0
4204,1
4205,1
4205,0
4206,4
4207,1
4207,0
4208,2
4209,0
4210,4
4211,0
4211,4
4212,3
4213,1
4213,0
4214,3
4215,4
4216,4
4216,0
4217,6
4218,0
4218,1
4219,1
4220,6
4221,0
4222,0
4223,3
4224,1
4224,0
4225,1
4225,0
4226,1
4227,4
4228,3
4229,2
4230,3
4231,2
4232,3
4233,0
4233,1
4234,5
4235,4
4236,6
4237,3
4238,6
4239,0
4239,1
4240,3
4241,0
4242,2
4243,6
4244,5
4245,4
4246,3
4247,4
4247,3
4248,6
4249,6
4250,4
4251,1
4251,0
4252,0
4252,1
4253,5
4254,1
4255,1
4256,3
4257,2
4258,1
4259,1
4260,1
4261,1
4262,6
4263,4
4264,0
4265,0
4265,4
4266,6
4267,1
4268,4
4268,0
4269,2
4269,3
4270,0
4271,6
4272,2
4273,3
4274,0
4275,2
4276,4
4277,0
4278,3
4278,2
4279,3
4279,2
4280,4
4280,3
4281,4
4282,0
4283,0
4283,1
4284,1
4285,4
4286,6
4287,6
4288,3
4289,4
4290,3
4291,4
4291,0
4292,3
4293,4
4293,3
4294,4
4295,4
4295,0
4296,2
4297,5
4298,3
4299,1
4300,5
4301,2
4302,3
4303,0
4303,4
4304,3
4305,5
4306,2
4307,3
4307,4
4308,5
4309,1
4310,2
4311,1
4312,4
4313,1
4313,0
4314,4
4315,2
4315,3
4316,1
4317,3
4318,3
4318,2
4319,3
4319,2
4320,5
4321,4
4322,1
4322,0
4323,6
4324,4
4325,2
4326,3
4327,2
4328,5
4329,5
4330,3
4331,1
4332,3
4333,1
4333,0
4334,3
4335,0
4336,1
4337,6
4338,2
4338,3
4339,1
4340,3
4341,6
4342,2
4343,6
4344,4
4345,0
4346,4
4347,2
4348,3
4349,3
4350,3
4350,2
4351,4
4352,2
4353,5
4354,0
4355,4
4356,4
4357,2
4358,5
4359,2
4359,3
4360,0
4361,3
4362,3
4363,0
4364,3
4365,0
4366,3
4367,2
4368,0
4368,1
4369,2
4369,3
4370,1
4371,1
4371,0
4372,2
4372,3
4373,0
4374,3
4375,1
4376,4
4377,0
4378,0
4379,2
4380,4
4381,0
4382,1
4382,0
4383,2
4384,5
4385,3
4385,4
4386,2
4386,3
4387,4
4388,3
4389,4
4390,1
4391,3
4392,0
4392,1
4393,2
4394,3
4394,4
4395,2
4396,3
4397,3
4398,1
4399,6
4400,1
4401,3
4402,1
4402,0
4403,2
4404,4
4405,2
4406,4
4406,0
4407,0
4407,4
4408,2
4409,5
4410,3
4411,4
4412,3
4413,1
4414,2
4415,3
4416,0
4416,1
4417,4
4418,3
4419,6
4420,0
4421,1
4422,3
4423,4
4424,3
4425,2
4425,3
4426,3
4426,4
4427,1
4428,3
4429,0
4429,1
4430,2
4431,2
4432,2
4433,2
4433,3
4434,3
4435,6
4436,3
4437,2
4438,5
4439,1
4440,3
4440,4
4441,5
4442,4
4442,0
4443,2
4444,3
4445,3
4445,2
4446,2
4447,3
4448,0
4449,6
4450,2
4451,3
4451,4
4452,5
4453,3
4454,3
4455,0
4456,3
4457,4
4458,1
4459,1
4459,0
4460,4
4460,0
4461,1
4461,0
4462,2
4463,3
4463,4
4464,1
4464,0
4465,0
4466,1
4466,0
4467,1
4467,0
4468,2
4469,0
4470,0
4471,1
4472,0
4472,4
4473,3
4474,4
4475,2
4476,3
4477,0
4478,1
4479,0
4480,0
4480,4
4481,4
4482,3
4483,2
4484,3
4484,4
4485,0
4486,3
4487,3
4487,4
4488,0
4488,1
4489,2
4490,2
4491,4
4492,4
4493,3
4494,0
4495,3
4496,2
4497,4
4498,0
4499,3
4499,2
4500,0
4501,2
4502,3
4502,4
4503,1
4504,1
4504,0
4505,4
4506,4
4507,3
4507,4
4508,2
4508,3
4509,3
4509,4
4510,4
4511,5
4512,3
4512,2
4513,2
4513,3
4514,0
4515,1
4515,0
4516,1
4517,2
4517,3
4518,2
4519,1
4519,0
4520,0
4521,4
4522,6
4523,1
4524,1
4525,0
4525,1
4526,3
4526,4
4527,3
4528,0
4529,0
4529,4
4530,2
4531,4
4532,6
4533,1
4533,0
4534,1
4534,0
4535,4
4536,3
4537,1
4538,1
4539,2
4540,6
4541,1
4542,1
4542,0
4543,1
4544,4
4545,4
4545,3
4546,4
4546,0
4547,3
4547,2
4548,1
4549,5
4550,0
4551,3
4551,4
4552,3
4553,4
4554,4
4555,4
4556,6
4557,3
4558,3
4559,3
4560,3
4561,3
4562,0
4563,3
4563,4
4564,4
4565,1
4566,3
4567,2
4568,3
4569,4
4569,0
4570,3
4571,0
4572,3
4572,2
4573,4
4574,2
4575,0
4575,4
4576,6
4577,3
4577,4
4578,6
4579,1
4579,0
4580,0
4581,4
4581,0
4582,1
4582,0
4583,6
4584,1
4585,1
4586,3
4587,3
4588,4
4589,4
4589,0
4590,2
4591,2
4592,4
4593,1
4594,0
4595,1
4595,0
4596,0
4596,1
4597,5
4598,0
4599,1
4600,4
4601,3
4601,2
4602,3
4602,4
4603,2
4604,3
4604,2
4605,0
4605,1
4606,4
4607,3
4608,1
4609,3
4609,4
4610,6
4611,3
4611,2
4612,4
4612,0
4613,2
4613,3
4614,6
4615,0
4616,0
4617,3
4618,4
4619,5
4620,4
4621,2
4621,3
4622,6
4623,5
4624,2
4624,3
4625,1
4626,0
4627,4
4627,0
4628,3
4628,2
4629,0
4630,3
4631,1
4632,2
4632,3
4633,3
4633,2
4634,0
4634,4
4635,1
4636,3
4637,2
4638,0
4639,0
4640,0
4640,1
4641,4
4642,4
4643,1
4643,0
4644,4
4645,1
4646,3
4647,0
4647,1
4648,4
4649,3
4650,4
4651,5
4652,2
4653,0
4654,1
4655,4
4656,4
4658,1
4659,2
4660,1
4661,5
4662,1
4663,0
4663,1
4664,3
4665,4
4665,0
4666,3
4667,4
4667,0
4668,1
4669,2
4670,2
4671,3
4672,2
4673,3
4674,2
4675,3
4676,3
4677,4
4678,3
4679,4
4680,0
4681,0
4682,2
4683,3
4684,1
4685,0
4686,2
4687,3
4688,3
4688,4
4689,2
4690,3
4690,2
4691,0
4691,4
4692,2
4693,0
4694,4
4695,3
4696,2
4697,4
4698,3
4699,3
4700,4
4701,3
4701,4
4702,3
4703,0
4704,3
4704,2
4705,2
4706,1
4707,1
4708,2
4708,3
4709,2
4710,1
4711,3
4711,2
4712,4
4713,0
4714,4
4714,0
4715,3
4716,4
4716,0
4717,4
4718,4
4718,3
4719,3
4720,3
4721,3
4722,3
4723,1
4723,0
4724,0
4725,2
4725,3
4726,2
4727,4
4728,0
4729,3
4730,4
4731,1
4731,0
4732,0
4733,3
4734,0
4734,1
4735,0
4735,4
4736,0
4737,3
4738,0
4739,0
4740,4
4740,0
4741,0
4741,1
4742,3
4743,1
4744,4
4744,2
4745,4
4746,4
4747,4
4748,2
4749,0
4750,3
4750,4
4751,4
4751,3
4752,3
4753,3
4753,2
4754,3
4754,4
4755,5
4756,0
4756,1
4757,1
4757,0
4758,1
4759,3
4759,4
4760,1
4761,1
4761,0
4762,3
4763,4
4764,3
4765,1
4765,0
4766,0
4767,1
4768,3
4768,2
4769,4
4769,0
4770,0
4771,4
4772,3
4773,3
4773,4
4774,0
4774,1
4775,2
4775,3
4776,1
4776,0
4777,5
4778,3
4778,4
4779,6
4780,2
4781,1
4782,1
4783,1
4783,0
4784,0
4785,6
4786,4
4787,2
4788,0
4789,1
4790,0
4791,6
4792,0
4793,0
4793,4
4794,0
4794,4
4795,0
4796,0
4796,4
4797,0
4798,3
4799,2
4800,5
4801,4
4802,1
4803,0
4804,4
4805,0
4806,6
4807,1
4808,3
4809,4
4809,3
4810,2
4811,5
4812,4
4813,2
4814,1
4815,6
4816,4
4817,1
4817,0
4818,3
4819,4
4820,2
4821,0
4822,4
4823,3
4824,1
4824,0
4825,0
4826,3
4826,4
4827,3
4828,0
4829,3
4830,5
4831,4
4832,0
4833,1
4834,1
4835,4
4836,1
4836,0
4837,4
4838,0
4838,4
4839,0
4840,4
4840,3
4841,4
4842,0
4843,4
4844,3
4844,2
4845,3
4846,1
4847,0
4848,4
4848,0
4849,2
4850,0
4850,4
4851,4
4851,3
4852,4
4853,6
4854,0
4855,2
4856,4
4857,3
4858,0
4858,4
4859,4
4860,1
4861,2
4862,1
4863,2
4864,4
4864,3
4865,2
4866,1
4867,4
4867,0
4868,1
4868,0
4869,0
4870,3
4872,4
4873,1
4873,0
4874,4
4875,2
4875,3
4876,2
4877,2
4878,3
4879,1
4880,3
4881,3
4882,0
4883,2
4885,2
4886,1
4887,2
4887,3
4888,3
4888,4
4889,4
4890,3
4891,3
4892,4
4892,3
4893,2
4893,3
4894,4
4894,0
4895,2
4895,3
4896,0
4897,2
4897,3
4898,5
4899,4
4900,0
4901,3
4901,4
4902,4
4902,0
4903,1
4904,2
4905,1
4906,1
4906,0
4907,0
4908,2
4909,3
4909,4
4910,3
4910,2
4911,1
4912,0
4913,2
4913,3
4914,3
4915,6
4916,0
4917,3
4917,2
4918,0
4919,0
4920,4
4921,0
4922,4
4923,0
4924,2
4925,4
4925,0
4926,2
4926,3
4927,4
4928,3
4929,4
4930,0
4931,6
4932,1
4933,5
4934,0
4934,1
4935,1
4936,4
4937,1
4938,1
4939,1
4940,0
4940,1
4941,1
4942,3
4942,2
4943,1
4944,5
4945,4
4947,0
4948,3
4948,2
4949,2
4950,3
4950,4
4951,1
4952,3
4953,5
4954,4
4955,3
4956,1
4957,5
4958,4
4958,0
4959,3
4960,1
4961,3
4962,1
4963,4
4964,0
4965,0
4966,4
4967,2
4967,3
4968,2
4969,3
4969,4
4970,4
4971,0
4972,0
4973,3
4973,2
4974,2
4975,4
4975,0
4976,3
4977,3
4978,3
4979,0
4979,1
4980,4
4981,2
4982,1
4982,0
4983,3
4984,4
4984,0
4985,4
4986,2
4987,0
4987,1
4988,5
4989,3
4989,2
4990,6
4991,3
4992,6
4993,0
4993,4
4994,3
4995,3
4996,3
4996,2
4997,3
4998,5
4999,1
5000,2
5001,2
5002,4
5002,0
5003,2
5004,3
5004,2
5005,2
5006,2
5007,3
5008,3
5009,2
5011,1
5012,4
5012,0
5013,3
5014,1
5014,0
5015,0
5016,3
5017,3
5017,2
5018,4
5018,0
5019,2
5020,2
5021,0
5022,1
5023,4
5024,2
5025,3
5026,0
5026,4
5027,3
5028,3
5028,2
5029,3
5030,0
5031,0
5032,0
5032,1
5033,2
5034,0
5035,3
5036,0
5036,1
5037,2
5038,0
5039,4
5040,3
5041,2
5042,0
5042,4
5043,1
5044,3
5045,4
5046,2
5047,2
5048,2
5049,4
5050,4
5051,4
5051,3
5052,6
5053,3
5054,2
5055,2
5056,0
5057,4
5058,0
5058,4
5059,4
5060,3
5061,3
5062,4
5063,3
5064,0
5065,2
5066,0
5066,1
5067,2
5068,1
5069,4
5070,4
5071,4
5072,1
5073,4
5074,3
5074,4
5075,6
5076,0
5077,2
5077,3
5078,3
5079,3
5079,4
5080,3
5081,3
5081,4
5082,4
5083,5
5084,1
5085,4
5085,3
5086,1
5087,1
5087,0
5088,1
5089,1
5090,1
5092,3
5093,3
5093,2
5094,1
5095,0
5096,2
5096,3
5097,3
5098,2
5098,3
5099,3
5100,1
5101,5
5102,6
5103,2
5103,4
5104,3
5104,2
5105,3
5105,4
5106,1
5107,2
5108,2
5109,2
5110,0
5111,2
5112,2
5113,4
5114,2
5114,3
5115,0
5115,1
5116,3
5116,2
5117,4
5118,2
5119,3
5120,4
5121,1
5121,0
5122,4
5122,3
5123,2
5124,0
5124,4
5125,0
5126,4
5126,3
5127,4
5127,0
5128,0
5129,3
5130,2
5131,3
5132,2
5133,1
5134,2
5135,1
5136,0
5137,4
5138,2
5139,0
5140,3
5141,0
5142,0
5143,0
5144,6
5145,5
5146,4
5147,4
5147,3
5148,3
5149,4
5149,0
5150,3
5151,2
5152,4
5153,3
5154,1
5154,0
5155,5
5156,1
5157,0
5158,0
5159,2
5160,2
5161,2
5162,4
5162,3
5163,4
5163,0
5164,4
5165,4
5165,3
5166,4
5167,1
5167,0
5168,3
5168,4
5169,1
5170,4
5170,0
5171,2
5171,3
5172,0
5172,1
5173,6
5174,0
5174,1
5175,3
5176,2
5176,3
5177,0
5177,1
5178,2
5179,3
5180,6
5181,3
5181,4
5182,2
5183,0
5184,3
5185,2
5185,3
5186,2
5187,3
5188,5
5189,3
5190,2
5191,2
5192,0
5192,4
5193,3
5194,2
5195,1
5196,3
5196,2
5197,4
5197,3
5198,3
5199,2
5199,3
5200,3
5201,6
5202,0
5203,2
5203,3
5204,0
5204,4
5205,4
5206,1
5206,0
5207,1
5207,0
5208,3
5208,0
5209,2
5210,4
5210,2
5211,2
5212,0
5212,1
5213,0
5213,1
5214,3
5215,0
5215,4
5216,4
5217,0
5217,1
5218,1
5219,1
5220,4
5220,0
5221,0
5221,4
5222,3
5223,0
5223,1
5224,2
5224,3
5225,1
5226,2
5227,0
5227,4
5228,1
5229,0
5229,4
5230,3
5231,2
5232,0
5232,4
5233,2
5234,2
5234,3
5235,4
5236,3
5236,4
5237,0
5238,0
5239,2
5239,3
5240,4
5241,4
5242,3
5243,2
5244,1
5245,2
5246,3
5247,0
5248,1
5248,0
5249,1
5249,0
5250,2
5250,3
5251,4
5252,0
5252,1
5253,4
5253,0
5254,3
5254,4
5255,4
5256,4
5257,3
5257,2
5258,4
5259,6
5260,6
5261,4
5262,2
5263,4
5263,0
5264,3
5265,0
5266,4
5267,0
5267,1
5268,4
5269,2
5270,2
5271,0
5272,3
5273,3
5274,0
5275,1
5275,0
5276,3
5277,0
5278,4
5279,4
5280,5
5281,3
5281,2
5282,4
5283,2
5284,3
5285,2
5286,3
5287,0
5288,0
5289,3
5289,4
5290,2
5291,4
5292,0
5293,2
5294,3
5294,4
5295,4
5296,0
5297,3
5298,0
5299,4
5300,2
5301,1
5302,3
5303,4
5304,2
5305,4
5305,0
5306,1
5307,1
5308,1
5309,0
5310,3
5310,4
5311,4
5312,2
5313,0
5314,1
5314,0
5315,0
5316,2
5317,3
5318,3
5318,4
5320,0
5320,1
5321,0
5321,4
5322,4
5323,2
5323,3
5324,4
5325,1
5326,4
5326,0
5327,2
5328,0
5329,3
5330,1
5331,4
5332,2
5333,0
5334,6
5335,4
5336,2
5337,2
5338,4
5338,0
5339,3
5339,4
5340,3
5341,0
5342,0
5342,1
5343,4
5344,3
5345,2
5345,3
5346,4
5347,0
5348,3
5349,0
5350,4
5351,2
5352,0
5353,3
5353,2
5354,1
5355,1
5356,2
5357,0
5358,1
5359,2
5360,2
5360,3
5361,4
5362,2
5364,1
5364,0
5365,3
5366,4
5367,0
5368,1
5369,3
5370,0
5371,3
5372,2
5373,2
5374,3
5375,2
5376,4
5377,4
5378,3
5379,3
5380,4
5380,3
5381,0
5382,1
5383,2
5384,3
5385,3
5386,1
5388,3
5389,0
5389,4
5390,1
5391,2
5392,3
5393,1
5394,1
5395,1
5396,4
5397,1
5398,1
5399,1
5400,2
5401,1
5402,4
5403,1
5404,1
5405,2
5406,1
5407,5
