Player_Id,high_school_id
0,0
1,1
2,2
3,3
4,4
5,5
6,6
7,7
8,8
9,9
10,10
11,11
12,12
13,13
14,14
15,15
16,16
17,17
18,9
19,18
20,19
21,20
22,21
23,22
24,23
25,24
26,25
27,26
28,27
29,28
30,29
31,30
32,31
33,32
34,33
35,9
36,9
37,14
38,34
39,35
40,36
41,37
42,38
43,39
44,9
45,40
46,41
47,42
48,43
49,44
50,45
51,46
52,47
53,48
54,49
55,50
56,51
57,52
58,53
59,54
60,55
61,9
62,56
63,9
64,57
65,58
66,59
67,60
68,61
69,62
70,63
71,64
72,65
73,66
74,67
75,68
76,69
77,70
78,71
79,72
80,73
81,74
82,9
83,75
84,76
85,77
86,78
87,79
88,9
89,80
90,81
91,82
92,83
93,84
94,85
95,86
96,87
97,88
98,89
99,90
100,91
101,92
102,93
103,94
104,9
105,95
106,96
107,97
108,98
109,99
110,100
111,101
112,102
113,103
114,9
115,104
116,28
117,9
118,105
119,9
120,106
121,9
122,107
123,94
124,108
125,109
126,9
127,110
128,111
129,112
130,113
131,114
132,115
133,116
134,117
135,118
136,18
137,119
138,120
139,121
140,9
141,122
142,123
143,124
144,125
145,126
146,127
147,128
148,129
149,130
150,131
151,132
152,22
153,9
154,133
155,134
156,135
157,136
158,137
159,138
160,139
161,140
162,141
163,142
164,143
165,144
166,145
167,9
168,146
169,147
170,148
171,149
172,150
173,9
174,151
175,152
176,153
177,9
179,154
180,155
181,156
182,9
183,157
184,158
185,9
186,159
187,9
188,160
189,161
190,161
191,70
192,161
193,9
194,162
195,163
196,164
197,165
198,166
199,167
200,168
201,169
202,9
203,170
204,171
205,172
206,173
207,82
208,174
209,175
210,175
211,176
212,177
213,178
214,9
215,179
216,180
217,181
218,9
219,182
220,183
221,184
222,185
223,186
224,9
225,187
226,188
227,9
228,189
229,190
230,191
231,74
232,192
233,173
234,193
235,9
236,194
237,123
238,195
239,196
240,38
241,197
242,198
243,199
244,9
245,9
246,200
247,201
248,202
249,203
250,204
251,205
252,206
253,36
254,207
255,163
256,208
257,208
258,208
259,209
260,210
261,211
262,212
263,213
264,83
265,214
266,215
267,216
268,217
269,218
270,9
271,219
272,199
273,220
274,9
275,221
276,131
277,222
278,80
279,216
280,223
281,224
282,117
283,9
284,225
285,180
286,226
287,66
288,227
289,228
290,9
291,9
292,9
293,229
294,230
295,231
296,232
297,233
298,234
299,158
300,235
301,236
302,142
303,237
304,22
305,238
306,9
307,239
308,240
309,241
310,242
311,243
312,244
313,245
314,246
315,247
316,248
317,115
318,249
319,9
320,250
321,251
322,252
323,253
324,254
325,255
326,256
327,257
328,258
329,259
330,9
331,260
332,261
333,262
334,263
335,264
336,265
337,266
338,267
339,82
340,268
341,158
342,114
343,222
344,53
345,269
346,270
347,9
348,271
349,9
350,272
351,273
352,274
353,9
354,9
355,275
356,276
357,258
358,144
359,277
360,278
361,279
362,280
363,9
364,9
365,281
366,282
367,283
368,221
369,284
370,10
371,285
372,286
373,169
374,22
375,287
376,288
377,289
378,290
379,9
380,9
381,278
382,9
383,9
384,291
385,292
386,293
387,50
388,294
389,295
390,296
391,297
392,298
393,65
394,299
395,300
396,301
397,253
398,100
399,22
400,9
401,302
402,253
403,303
404,304
405,305
406,9
407,306
408,307
409,308
410,309
411,310
412,311
413,312
414,313
415,180
416,314
417,315
418,9
419,316
420,144
421,9
422,9
423,168
424,166
425,317
426,264
427,9
428,212
429,318
430,319
431,9
432,320
433,321
434,322
435,323
436,324
437,325
438,326
439,327
440,9
441,328
442,329
443,50
444,330
445,331
446,331
447,332
448,333
449,334
450,335
451,9
452,334
453,9
454,336
455,337
456,9
457,338
458,339
459,199
460,340
461,76
462,341
463,342
464,343
465,210
466,344
467,345
468,346
469,347
470,348
471,349
472,350
473,351
474,352
475,353
476,9
477,354
478,355
479,356
480,357
481,38
482,358
483,359
484,360
485,231
486,361
487,362
488,363
489,212
490,364
491,365
492,366
493,264
494,123
495,367
496,282
497,282
498,38
499,368
500,369
501,370
502,371
503,372
504,373
505,349
506,374
507,144
508,125
509,118
510,375
511,376
512,377
513,378
514,22
515,379
516,380
517,381
518,382
519,383
520,384
521,385
522,386
523,387
524,9
525,199
526,84
527,388
528,357
529,389
530,390
531,9
532,385
533,391
534,339
535,392
536,393
537,394
538,278
539,221
540,395
541,396
542,397
543,398
544,48
545,399
546,83
547,400
548,401
549,402
550,403
551,404
552,405
553,406
554,407
555,408
556,409
557,410
558,411
559,412
560,264
561,348
562,413
563,414
564,242
565,415
566,416
567,417
568,418
569,9
570,18
571,419
572,420
573,421
574,422
575,423
576,9
577,424
578,357
579,425
580,426
581,427
582,199
583,428
584,429
585,430
586,9
587,431
588,5
589,432
590,385
591,433
592,434
593,435
594,436
595,437
596,145
597,28
598,438
599,267
600,373
601,94
602,9
603,439
604,325
605,440
606,441
607,442
608,443
609,357
610,300
611,357
612,444
613,445
614,28
615,446
616,447
617,9
618,387
619,448
620,449
621,9
622,450
623,451
624,65
625,410
626,406
627,452
628,278
629,453
630,9
631,454
632,455
633,446
634,456
635,9
636,457
637,458
638,459
639,460
640,461
641,462
642,463
643,464
644,465
645,466
646,197
647,467
648,468
649,469
650,9
651,470
652,471
653,472
654,473
655,474
656,259
657,9
658,475
659,476
660,131
661,477
662,478
663,479
664,123
665,480
666,481
667,464
668,482
669,483
670,484
671,485
672,9
673,486
674,68
675,487
676,488
677,489
678,490
679,491
680,492
681,493
682,494
683,183
684,495
685,496
686,295
687,173
688,65
689,123
690,497
691,115
692,498
694,9
695,499
696,500
697,501
698,502
699,438
700,503
701,504
702,505
703,9
704,506
705,9
706,507
707,508
708,509
709,510
710,400
711,9
712,511
713,68
714,252
715,512
716,513
717,514
718,9
719,515
720,516
721,517
722,9
723,518
724,199
725,9
726,22
727,180
728,519
729,44
730,520
731,521
732,9
733,522
734,523
735,9
736,524
737,525
738,526
739,223
740,527
741,9
742,528
743,529
744,530
745,531
746,144
747,532
748,533
749,534
750,535
751,536
752,68
753,9
754,537
755,101
756,538
757,539
758,274
759,540
760,541
761,542
762,357
763,543
764,544
765,545
766,314
767,546
768,9
769,547
770,548
771,549
772,9
773,9
774,467
775,168
776,9
777,550
778,551
779,552
780,553
781,144
782,554
783,555
784,556
785,557
786,72
787,9
788,9
789,558
790,9
791,559
792,560
793,68
794,561
795,562
796,544
797,563
798,564
799,565
800,566
801,566
802,567
803,568
804,559
805,569
806,570
807,385
808,571
809,572
810,573
811,574
812,575
813,576
814,577
815,578
816,579
817,192
818,67
819,580
820,581
821,582
822,583
823,584
824,585
825,586
826,9
827,587
828,588
829,589
830,590
831,9
832,591
833,592
834,591
835,593
836,594
837,212
838,582
839,559
840,595
841,596
842,9
843,9
844,597
845,9
846,598
847,599
848,600
849,601
850,28
851,602
852,603
853,604
854,605
855,606
856,9
857,607
858,608
859,609
860,74
861,610
862,611
863,400
864,612
865,613
866,614
867,615
868,579
869,123
870,616
871,617
872,618
873,619
874,288
875,620
876,621
877,622
878,623
879,624
880,168
881,625
882,469
883,626
884,627
885,628
886,629
887,5
888,630
889,9
890,631
891,632
892,633
893,9
894,9
895,634
896,196
897,635
898,65
899,9
900,636
901,637
902,151
903,638
904,639
905,9
906,410
907,306
908,640
909,641
910,9
911,642
912,183
913,60
914,643
915,452
916,644
917,645
918,227
919,646
920,9
921,647
922,648
923,649
924,650
925,651
926,652
927,653
928,654
929,168
930,447
931,655
932,654
933,74
934,144
935,232
936,656
937,657
938,658
939,659
940,660
941,661
942,31
943,662
944,663
945,664
946,70
947,665
948,666
949,667
950,668
951,259
952,669
953,9
954,9
955,9
956,9
957,670
958,671
959,672
960,673
961,9
962,674
963,675
964,9
965,676
966,677
967,678
968,679
969,680
970,681
971,682
972,683
973,9
974,360
975,684
976,685
977,158
978,686
979,687
980,688
981,689
982,690
983,592
984,691
985,9
986,9
987,377
988,109
989,692
990,693
991,340
992,694
993,174
994,695
995,696
996,697
997,698
998,699
999,700
1000,701
1001,702
1002,703
1003,704
1004,705
1005,706
1006,9
1007,707
1008,708
1009,295
1010,709
1011,9
1012,710
1013,711
1014,712
1015,713
1016,714
1017,715
1018,716
1019,717
1020,718
1021,719
1022,720
1023,721
1024,722
1025,723
1026,724
1027,704
1028,725
1029,726
1030,727
1031,720
1032,728
1033,728
1034,9
1036,92
1037,9
1038,9
1039,9
1040,729
1041,294
1042,730
1043,509
1044,731
1045,732
1046,733
1047,734
1048,166
1049,230
1050,682
1051,735
1052,111
1053,736
1054,737
1055,738
1056,144
1057,739
1058,437
1059,740
1060,741
1061,733
1062,144
1063,9
1064,742
1065,9
1066,743
1067,744
1068,9
1069,5
1070,745
1071,637
1072,746
1073,67
1074,9
1075,700
1076,747
1077,748
1078,9
1079,749
1080,164
1081,750
1082,575
1083,751
1084,752
1085,89
1086,753
1087,754
1088,755
1089,756
1090,757
1091,328
1092,9
1093,758
1094,759
1095,760
1096,761
1097,762
1098,763
1099,749
1100,764
1101,765
1102,160
1103,499
1104,766
1105,767
1106,377
1107,81
1108,768
1109,769
1110,770
1111,771
1112,772
1113,773
1114,9
1115,774
1116,775
1117,137
1118,529
1119,776
1120,777
1121,778
1122,779
1123,466
1124,172
1125,780
1126,341
1127,781
1128,9
1129,9
1130,782
1131,783
1132,9
1133,784
1134,785
1135,786
1136,9
1137,306
1138,9
1139,787
1140,9
1141,788
1142,95
1143,9
1144,113
1145,789
1146,790
1147,107
1148,791
1149,9
1150,257
1151,792
1152,9
1153,793
1154,794
1155,795
1156,796
1157,797
1158,798
1159,469
1160,799
1161,800
1162,801
1163,802
1164,803
1165,212
1166,804
1167,123
1168,805
1169,806
1170,807
1171,808
1172,428
1173,809
1174,810
1175,9
1176,9
1177,811
1178,188
1179,812
1180,813
1181,68
1182,9
1183,814
1184,123
1185,815
1186,816
1187,144
1188,817
1189,818
1190,278
1191,150
1192,123
1193,819
1194,820
1195,821
1196,822
1197,823
1198,824
1199,825
1200,826
1201,9
1202,827
1203,328
1204,113
1205,304
1206,9
1207,44
1208,650
1209,828
1210,9
1211,829
1212,9
1213,360
1214,830
1215,9
1216,831
1217,9
1218,832
1219,833
1220,834
1221,835
1222,9
1223,836
1224,837
1225,9
1226,838
1227,48
1228,31
1229,839
1230,840
1231,420
1232,841
1233,842
1234,842
1235,286
1236,817
1237,428
1238,9
1239,589
1240,246
1241,843
1242,9
1243,339
1244,9
1245,844
1246,258
1247,845
1248,168
1249,9
1250,9
1251,846
1252,9
1253,847
1254,848
1255,60
1256,113
1257,849
1258,850
1259,851
1260,9
1261,852
1262,420
1263,785
1264,853
1265,166
1266,589
1267,458
1268,745
1269,854
1270,855
1271,293
1272,856
1273,1
1274,857
1275,299
1276,858
1277,68
1278,859
1279,860
1280,259
1281,861
1282,9
1283,227
1284,862
1285,863
1286,864
1287,730
1288,865
1289,866
1290,517
1291,867
1292,183
1293,868
1294,869
1295,9
1296,637
1297,301
1298,870
1299,871
1300,662
1301,730
1302,872
1304,873
1305,874
1306,875
1307,876
1308,877
1309,9
1310,650
1311,878
1312,879
1313,420
1314,880
1315,881
1316,882
1317,259
1318,883
1319,884
1320,885
1321,886
1322,887
1323,888
1324,889
1325,890
1326,891
1327,892
1328,252
1329,893
1330,894
1331,895
1332,896
1333,897
1334,898
1335,899
1336,38
1337,900
1338,870
1339,901
1340,902
1341,151
1342,173
1343,428
1344,903
1345,538
1346,904
1347,9
1348,905
1349,906
1350,907
1351,182
1352,701
1353,625
1354,908
1355,2
1356,909
1357,9
1358,910
1359,911
1360,912
1361,913
1362,914
1363,172
1364,915
1365,837
1366,67
1367,916
1368,199
1369,362
1370,231
1371,917
1372,918
1373,2
1374,919
1375,920
1376,117
1377,36
1378,921
1379,922
1380,742
1381,923
1382,194
1383,924
1384,925
1385,9
1386,926
1387,22
1388,9
1389,927
1390,928
1391,9
1392,929
1393,9
1394,930
1395,931
1396,38
1397,932
1398,9
1399,9
1400,9
1401,9
1402,933
1403,934
1404,9
1405,174
1406,199
1407,935
1408,936
1409,937
1410,812
1411,9
1412,938
1413,939
1414,9
1415,940
1416,941
1417,867
1418,942
1419,9
1420,863
1421,2
1423,68
1424,943
1425,944
1426,9
1427,945
1428,946
1429,113
1430,947
1431,948
1432,692
1433,949
1434,386
1435,9
1436,950
1437,951
1438,952
1439,953
1440,509
1441,954
1442,955
1443,956
1444,957
1445,958
1446,111
1447,959
1448,960
1449,961
1450,12
1451,962
1452,963
1453,964
1454,965
1455,966
1456,9
1457,870
1458,967
1459,575
1460,968
1461,829
1462,969
1463,970
1464,909
1465,144
1466,9
1467,9
1468,145
1469,971
1470,9
1471,972
1472,9
1473,246
1474,973
1475,357
1476,957
1477,974
1478,975
1479,976
1480,285
1481,148
1482,977
1483,978
1484,978
1485,979
1486,980
1487,981
1488,715
1489,982
1490,31
1491,983
1492,984
1493,985
1494,986
1495,824
1496,987
1497,988
1498,989
1499,990
1500,991
1501,992
1502,863
1503,9
1504,9
1505,9
1506,993
1507,994
1508,836
1509,995
1510,996
1511,377
1512,997
1513,211
1514,9
1515,998
1516,999
1517,583
1518,357
1519,940
1520,763
1521,1000
1522,1001
1523,144
1524,1002
1525,1003
1526,1004
1527,967
1528,1005
1529,9
1530,339
1531,1006
1532,9
1533,9
1534,1007
1535,1008
1536,9
1537,447
1538,1009
1539,1010
1540,1011
1541,255
1542,1012
1543,1013
1544,1014
1545,1015
1546,777
1547,9
1548,1016
1549,1017
1550,1018
1551,1019
1552,1020
1553,36
1554,1021
1555,1022
1556,1023
1557,1024
1558,1025
1559,1026
1560,1027
1561,1028
1562,169
1563,9
1564,1029
1565,1030
1566,1031
1567,1032
1568,957
1569,1033
1570,1034
1571,1035
1572,227
1573,1036
1574,1037
1575,1038
1576,1039
1577,1040
1578,1041
1579,1042
1580,728
1581,483
1582,144
1583,1043
1584,1044
1585,400
1586,166
1588,828
1589,9
1590,456
1591,1045
1592,741
1593,9
1594,9
1595,1046
1596,1047
1597,889
1598,94
1599,563
1600,1048
1601,1049
1602,1050
1603,9
1604,1051
1605,1052
1606,1053
1607,1054
1608,9
1609,1055
1610,9
1611,801
1612,9
1613,1056
1614,1057
1615,1058
1616,120
1617,1059
1618,231
1619,36
1620,1060
1621,373
1622,38
1623,1061
1624,1062
1625,1063
1626,1064
1627,1065
1628,172
1629,1066
1630,68
1631,1067
1632,464
1633,886
1634,967
1635,1068
1636,1069
1637,1070
1638,31
1639,1071
1640,9
1641,9
1642,1072
1643,1073
1644,9
1645,9
1646,237
1647,1074
1648,58
1649,1075
1650,1076
1651,1077
1652,753
1653,362
1654,1078
1655,783
1656,9
1657,9
1658,9
1659,1079
1660,9
1661,1080
1662,1081
1663,1082
1664,1083
1665,1084
1666,1084
1667,1085
1668,349
1669,193
1670,1086
1671,1087
1672,1088
1673,1089
1674,1090
1675,1091
1676,1089
1677,1092
1678,9
1679,318
1680,1093
1681,52
1682,728
1683,1094
1684,1095
1685,123
1686,1044
1687,433
1688,9
1689,1096
1690,1097
1691,713
1692,1098
1693,199
1694,1099
1695,9
1696,9
1697,1100
1698,1101
1699,1102
1700,995
1701,1103
1702,55
1703,1104
1704,9
1705,1105
1706,9
1707,1106
1708,9
1709,1107
1710,119
1711,9
1712,810
1713,1108
1714,1109
1715,1110
1716,1110
1717,9
1718,1111
1719,1112
1720,1113
1721,440
1722,76
1723,1114
1724,9
1725,1115
1726,1116
1727,1115
1728,1117
1729,552
1730,19
1731,9
1732,1118
1733,115
1734,1119
1735,23
1736,1120
1737,1121
1738,9
1739,1122
1740,1123
1741,1124
1742,1125
1743,1126
1744,1127
1745,167
1746,1125
1747,9
1748,1128
1749,1046
1750,1129
1751,862
1752,1130
1753,123
1754,570
1755,308
1756,1131
1757,1131
1758,144
1759,144
1760,68
1761,121
1762,1132
1763,1133
1764,1134
1765,1135
1766,1136
1767,1137
1768,535
1769,377
1770,1138
1771,1139
1772,1140
1773,860
1774,835
1775,341
1776,1141
1777,742
1778,947
1779,796
1780,1142
1781,1143
1782,9
1783,1144
1784,776
1785,1145
1786,1146
1787,1147
1788,1148
1789,1149
1790,1010
1791,168
1792,1150
1793,441
1794,916
1795,1151
1796,331
1797,115
1798,1152
1799,1153
1800,1154
1801,763
1802,231
1803,540
1804,294
1805,570
1806,991
1807,107
1808,1155
1809,138
1810,145
1811,1156
1812,96
1813,9
1814,1157
1815,1158
1816,180
1817,113
1818,1159
1819,1160
1820,646
1821,1161
1822,183
1823,9
1824,1162
1825,1161
1826,158
1827,9
1828,1163
1829,1164
1830,1165
1831,1166
1832,1167
1833,9
1834,1168
1835,1169
1836,9
1837,1170
1838,595
1839,1171
1840,1172
1841,9
1842,1173
1843,1174
1844,323
1845,1175
1846,1176
1847,106
1848,1177
1849,1178
1850,227
1851,183
1852,227
1853,264
1854,1179
1855,1180
1857,1181
1858,1116
1859,9
1860,67
1861,1182
1862,1183
1863,1184
1864,1185
1865,550
1866,1186
1867,1187
1868,1097
1869,9
1870,691
1871,1188
1872,1040
1873,1189
1874,199
1875,1050
1876,9
1877,1190
1878,1191
1879,1192
1880,1193
1881,1194
1882,1195
1883,676
1884,1196
1885,618
1886,1197
1887,1198
1888,776
1889,1199
1890,1177
1891,674
1892,1190
1893,1200
1894,559
1895,1201
1896,1177
1897,1202
1898,145
1899,1203
1900,917
1901,1084
1902,1204
1903,1205
1904,579
1905,1206
1906,1207
1907,1208
1908,1209
1909,1210
1910,9
1911,1211
1912,1212
1913,1213
1914,172
1915,1214
1916,1112
1917,1215
1918,1215
1919,1216
1920,9
1921,1217
1922,1218
1923,9
1924,1219
1925,1220
1926,1221
1927,1063
1928,713
1929,1222
1930,949
1931,1223
1932,1224
1933,1010
1934,1002
1935,710
1936,45
1937,889
1938,1225
1939,151
1940,303
1941,115
1942,1226
1943,777
1944,1227
1945,1228
1946,1229
1947,1230
1948,1231
1949,1232
1950,1228
1951,1233
1952,1234
1953,1235
1954,1236
1955,730
1956,1237
1957,1238
1958,45
1959,389
1960,1239
1961,1240
1962,9
1963,68
1964,9
1965,1241
1966,292
1967,1242
1968,1243
1969,909
1970,1244
1971,729
1972,1245
1973,1246
1974,1247
1975,38
1976,1248
1977,1248
1978,1249
1979,1060
1980,9
1981,961
1982,1250
1983,9
1984,1251
1985,9
1986,1252
1987,1253
1988,898
1989,1254
1990,210
1991,210
1992,1255
1993,1256
1994,1257
1995,1258
1996,1259
1997,1260
1998,1172
1999,111
2000,763
2001,31
2002,1261
2003,69
2004,1262
2005,570
2006,914
2007,1116
2008,1263
2009,1264
2010,837
2011,1265
2012,833
2013,9
2014,1266
2015,1267
2016,1268
2017,22
2018,1188
2019,111
2020,905
2021,563
2022,703
2023,1269
2024,566
2025,1270
2026,1271
2027,1272
2028,633
2029,227
2030,1273
2031,1274
2032,915
2033,68
2034,1275
2035,1276
2036,57
2037,358
2038,120
2039,28
2040,1277
2041,115
2042,520
2043,1116
2044,9
2045,9
2046,1278
2047,172
2048,293
2049,118
2050,1279
2051,1280
2052,1281
2053,16
2054,1282
2055,1283
2056,1284
2057,1285
2058,1286
2059,1287
2060,1288
2061,9
2062,9
2063,1289
2064,1290
2065,9
2066,1291
2067,529
2068,446
2069,716
2070,1116
2071,1292
2072,941
2073,9
2074,1293
2075,9
2076,1294
2077,71
2078,1295
2079,1296
2080,5
2081,738
2082,9
2083,1297
2084,1186
2085,1285
2086,117
2087,1033
2088,1183
2089,1298
2090,1299
2091,563
2092,1300
2093,1301
2094,1177
2095,9
2096,1302
2097,1303
2098,1304
2099,1305
2100,1306
2101,1033
2102,1307
2103,511
2104,1308
2105,1309
2106,1310
2107,570
2108,1311
2109,1312
2110,1313
2111,9
2112,9
2113,1314
2114,1093
2115,1315
2116,614
2117,1157
2118,427
2119,1316
2120,978
2121,1317
2122,1318
2123,1319
2124,193
2125,9
2126,1320
2127,1321
2128,1321
2129,1321
2130,1322
2131,632
2132,9
2133,292
2134,9
2135,108
2136,140
2137,9
2138,1323
2139,9
2140,960
2141,1324
2142,1325
2143,1326
2144,1327
2145,664
2146,9
2147,1328
2148,1329
2149,1330
2150,1331
2151,123
2152,1332
2153,36
2154,1333
2155,1334
2156,344
2157,633
2158,1335
2159,1336
2160,457
2161,1337
2162,1338
2163,1339
2164,1340
2165,1341
2166,1342
2167,997
2168,1343
2169,1053
2170,97
2171,1344
2172,1345
2173,141
2174,1346
2175,36
2176,879
2177,9
2178,1347
2179,1348
2180,695
2181,244
2182,520
2183,1349
2184,1350
2185,545
2186,227
2187,100
2188,1351
2189,1352
2190,1199
2191,9
2192,570
2193,1353
2194,123
2195,1188
2196,187
2197,9
2198,1354
2199,1355
2200,1356
2201,1357
2202,1358
2203,1319
2204,1359
2205,1360
2206,1361
2207,1362
2208,9
2209,847
2210,1363
2211,9
2212,348
2213,961
2214,621
2215,1364
2216,318
2217,511
2218,1365
2219,794
2220,9
2221,1366
2222,1238
2223,1367
2224,1368
2225,357
2226,1369
2227,95
2228,9
2229,1092
2230,1026
2231,612
2232,9
2233,1370
2234,221
2235,9
2236,1371
2238,1372
2239,9
2240,603
2241,1053
2242,9
2243,9
2244,9
2245,9
2246,1373
2247,1013
2248,942
2249,9
2250,1374
2251,466
2252,9
2253,9
2254,1375
2255,1376
2256,879
2257,730
2258,870
2259,1377
2260,1378
2261,1379
2262,111
2263,518
2264,797
2265,1380
2266,9
2268,123
2269,701
2270,1381
2271,753
2272,1382
2273,1383
2274,1384
2275,1385
2276,518
2277,1201
2278,446
2279,1386
2280,1387
2281,1388
2282,348
2283,723
2284,9
2285,323
2286,1389
2287,1390
2288,1391
2289,1392
2290,566
2291,1393
2292,1303
2293,1394
2294,1395
2295,1396
2296,1397
2297,827
2298,961
2299,801
2300,1398
2301,1399
2302,199
2303,231
2304,1100
2305,1400
2306,9
2307,1401
2308,1402
2309,1403
2310,9
2311,9
2312,1404
2313,1388
2314,1405
2315,1406
2316,161
2317,1225
2318,1407
2319,1408
2320,1409
2321,1410
2322,375
2323,1411
2324,118
2325,1412
2326,1413
2327,1414
2328,9
2329,9
2330,1415
2331,1416
2332,9
2333,526
2334,1417
2335,1418
2336,1419
2337,166
2338,1420
2339,487
2340,1421
2341,1422
2342,1423
2343,9
2344,1424
2345,1425
2346,1426
2347,1427
2348,1428
2349,1429
2350,1430
2351,63
2352,1074
2353,1431
2354,559
2355,1432
2356,1433
2357,1434
2358,9
2359,1435
2360,1436
2361,1437
2362,9
2363,9
2364,389
2365,1438
2366,1147
2367,1439
2368,1440
2369,18
2370,1441
2371,1442
2372,1443
2373,9
2374,387
2375,406
2376,1444
2377,1380
2378,1445
2379,1446
2380,1447
2381,1448
2382,82
2383,1449
2384,324
2385,9
2386,36
2387,1450
2388,1451
2389,1452
2390,1453
2391,559
2392,1454
2393,1022
2394,1455
2395,31
2396,279
2397,1456
2398,1455
2399,9
2400,1457
2401,957
2402,123
2403,9
2404,793
2405,473
2406,1458
2407,1459
2408,123
2409,1460
2410,1461
2411,1462
2412,1463
2413,1464
2414,1465
2415,9
2416,1466
2417,1467
2418,332
2419,967
2420,1365
2421,1468
2422,965
2423,447
2424,1469
2425,285
2426,264
2427,300
2428,1470
2429,345
2430,1471
2431,1105
2432,9
2433,1472
2434,362
2435,1473
2436,1474
2437,1475
2438,1476
2439,1238
2440,1477
2441,279
2442,1478
2443,1479
2444,1480
2445,1481
2446,9
2447,9
2448,718
2449,1482
2450,868
2451,1092
2452,1010
2453,772
2454,252
2455,1483
2456,1484
2457,1483
2458,1485
2459,1301
2460,604
2461,9
2462,1486
2463,1487
2464,247
2465,1488
2466,5
2467,1489
2468,738
2469,610
2470,1490
2471,939
2472,1140
2473,286
2474,1491
2475,1492
2476,1493
2477,1494
2478,1495
2479,1496
2480,9
2481,936
2482,1497
2483,246
2484,1498
2485,144
2486,9
2487,1499
2488,1500
2489,1501
2490,1116
2491,68
2492,1483
2493,68
2494,885
2495,1502
2496,1092
2497,252
2498,292
2499,1503
2500,1504
2501,9
2502,82
2503,1411
2504,1505
2505,1506
2506,411
2507,120
2508,1507
2509,1507
2510,1508
2511,563
2512,1509
2513,9
2514,1510
2515,909
2516,1511
2517,1512
2518,344
2519,807
2520,1513
2521,357
2522,897
2523,1514
2524,9
2525,9
2526,1515
2527,1515
2528,264
2529,227
2530,1489
2531,1226
2532,9
2533,94
2534,177
2535,1516
2536,9
2538,1517
2539,1518
2540,319
2541,1519
2542,9
2543,9
2544,9
2545,1520
2546,115
2547,949
2548,9
2549,9
2550,135
2551,203
2552,9
2553,9
2554,9
2555,1135
2556,807
2557,446
2558,9
2559,58
2560,9
2561,227
2562,780
2563,199
2564,1145
2565,339
2566,1521
2567,566
2568,1522
2569,1523
2570,173
2571,917
2572,9
2573,976
2574,1524
2575,9
2576,1464
2577,250
2578,50
2579,1525
2580,1526
2581,1527
2582,301
2583,480
2584,144
2585,199
2586,1528
2587,9
2588,26
2589,446
2590,1529
2591,1530
2592,1531
2593,1532
2594,1533
2595,1534
2596,180
2597,1535
2598,1536
2599,1537
2600,9
2601,1538
2602,9
2603,1539
2604,730
2605,1430
2606,354
2607,9
2608,1540
2609,22
2610,1344
2611,1541
2612,173
2613,1542
2614,1543
2615,1543
2616,1544
2617,1545
2618,1546
2619,1407
2620,1547
2621,1548
2622,1549
2623,1550
2624,1551
2625,9
2626,1552
2627,9
2628,1553
2629,123
2630,1554
2631,1555
2632,120
2633,120
2634,1556
2635,1557
2636,1116
2637,1323
2638,1558
2639,1559
2640,1560
2641,1561
2642,1005
2643,387
2644,9
2645,1562
2646,93
2647,975
2648,738
2649,300
2650,1563
2651,9
2652,1564
2653,1565
2654,904
2655,354
2656,1566
2657,354
2658,1567
2659,483
2660,786
2661,1568
2662,1569
2663,9
2664,1570
2665,508
2666,416
2667,1571
2668,148
2669,1226
2670,9
2671,1572
2672,777
2673,1249
2674,9
2675,1573
2676,1574
2677,9
2678,1575
2679,1576
2680,9
2681,1577
2682,1578
2683,9
2684,1579
2685,9
2686,1580
2687,0
2688,9
2689,1581
2690,123
2691,1582
2692,1583
2693,1584
2694,1585
2695,45
2696,115
2697,138
2698,9
2699,1586
2700,9
2701,1587
2702,1588
2703,622
2704,9
2705,1589
2706,875
2707,1249
2708,123
2709,509
2710,753
2711,1590
2712,9
2713,9
2714,278
2715,1591
2716,1592
2717,1593
2718,1594
2719,9
2720,1113
2721,9
2722,1595
2723,9
2724,9
2726,1596
2727,1597
2728,360
2729,1179
2730,1598
2731,1005
2732,1599
2733,1073
2734,9
2735,120
2736,1600
2737,1601
2738,1117
2739,1602
2740,214
2741,13
2742,1603
2743,68
2744,1604
2745,566
2746,76
2747,192
2748,879
2749,9
2750,1605
2751,88
2752,1606
2753,464
2754,464
2755,1607
2756,375
2757,1608
2758,681
2759,1609
2760,1610
2761,690
2762,1611
2763,1040
2764,1612
2765,326
2766,1613
2767,9
2768,227
2769,421
2770,9
2771,6
2772,1614
2773,89
2774,713
2775,563
2776,199
2777,338
2778,9
2779,1615
2780,1616
2781,936
2782,1617
2783,76
2784,1618
2785,9
2786,167
2787,1619
2788,1620
2789,138
2790,1621
2791,1622
2792,68
2793,563
2794,328
2795,894
2796,827
2797,212
2798,303
2799,115
2800,1623
2801,1368
2802,420
2803,9
2804,232
2805,9
2806,975
2807,293
2808,1624
2809,438
2810,168
2811,377
2812,169
2813,955
2814,748
2815,1625
2816,468
2817,386
2818,1626
2819,1627
2820,115
2821,1376
2822,9
2823,182
2824,1628
2825,1305
2826,1629
2827,1630
2828,1631
2829,9
2830,22
2831,452
2832,1239
2833,1632
2834,1633
2835,1005
2836,1634
2837,1635
2838,9
2839,344
2840,9
2841,1636
2842,1637
2843,1638
2844,1639
2845,1640
2846,1641
2847,976
2848,1642
2849,1643
2850,168
2851,1644
2852,1084
2853,1645
2854,1646
2855,264
2856,1647
2857,1648
2858,431
2859,1649
2860,40
2861,1650
2862,1500
2863,1651
2864,216
2865,178
2866,346
2867,1652
2868,1653
2869,1180
2870,9
2871,9
2872,1654
2873,9
2874,9
2875,563
2876,68
2877,1655
2878,1656
2879,1657
2880,1338
2881,1658
2882,1659
2883,431
2884,1660
2885,1661
2886,9
2887,692
2888,1662
2889,68
2890,1192
2891,1192
2892,1663
2893,1664
2894,1177
2895,1665
2896,172
2897,1147
2898,204
2899,9
2900,1147
2901,1238
2902,1649
2903,552
2904,1666
2905,9
2906,1390
2907,1361
2908,1667
2909,515
2910,650
2911,144
2912,9
2913,1668
2914,62
2915,9
2916,538
2917,1669
2918,9
2919,301
2920,265
2921,1128
2922,1670
2923,274
2924,1671
2925,87
2926,978
2927,9
2928,183
2929,9
2930,451
2931,1526
2932,61
2933,1585
2934,40
2935,579
2936,1672
2938,265
2939,1673
2940,1204
2941,1674
2942,1675
2943,1676
2944,9
2945,9
2946,844
2947,458
2948,1100
2949,1677
2950,61
2951,974
2952,199
2953,976
2954,1678
2955,1679
2956,1680
2957,1681
2958,786
2959,1682
2960,1683
2961,114
2962,1684
2963,880
2964,1685
2965,1686
2966,1687
2967,1688
2968,9
2969,1660
2970,833
2971,9
2972,904
2973,1689
2974,713
2975,48
2976,1690
2977,9
2978,1691
2979,1692
2980,1693
2981,1660
2982,1373
2983,844
2984,1694
2985,36
2986,1695
2987,9
2988,9
2989,285
2990,1696
2991,1697
2992,1698
2993,259
2994,1699
2995,1573
2996,1700
2997,1701
2998,1702
2999,339
3000,1703
3001,869
3002,1704
3003,1705
3004,379
3005,9
3006,9
3007,1706
3008,1254
3009,9
3010,1707
3011,9
3012,1708
3013,9
3014,664
3015,1709
3016,814
3017,1710
3018,9
3019,1711
3020,1712
3021,1713
3022,1714
3023,9
3024,216
3025,1507
3026,527
3027,1715
3028,1716
3029,1715
3030,199
3031,1717
3032,9
3033,9
3034,9
3035,1718
3036,1719
3037,1720
3038,1721
3039,879
3040,1722
3041,1723
3042,232
3043,1530
3044,123
3045,633
3046,1002
3047,1724
3048,1725
3049,151
3050,1666
3051,68
3052,1430
3053,1726
3054,1693
3055,1727
3056,1728
3057,9
3058,1729
3059,1527
3060,870
3061,1730
3062,267
3063,1731
3064,9
3065,160
3066,312
3067,1732
3068,1376
3069,1246
3070,1733
3071,466
3072,1734
3073,1344
3074,1735
3075,1428
3076,1736
3077,1737
3078,934
3079,428
3080,9
3081,1738
3082,1262
3083,755
3084,1739
3085,9
3086,36
3087,1740
3088,1741
3089,886
3090,1265
3091,28
3092,1742
3093,222
3094,1743
3095,1744
3096,788
3097,451
3098,978
3099,563
3100,38
3101,1725
3102,1745
3103,1746
3104,577
3105,173
3106,93
3107,1747
3108,9
3109,1748
3110,1749
3111,314
3112,1750
3113,1581
3114,9
3115,9
3116,1751
3117,866
3118,1752
3119,387
3120,934
3121,1753
3122,1116
3123,1116
3124,1754
3125,605
3126,870
3127,1755
3128,259
3129,669
3130,814
3131,814
3132,1756
3133,1609
3134,193
3135,1757
3136,252
3137,120
3138,1473
3139,9
3140,1063
3141,1746
3142,9
3143,1758
3144,940
3145,1759
3146,212
3147,1760
3148,1761
3149,120
3150,339
3151,1527
3152,1762
3153,1763
3154,9
3155,1281
3156,9
3157,1764
3158,9
3159,9
3160,210
3161,199
3162,1061
3163,123
3164,587
3165,44
3166,1765
3167,580
3168,9
3169,1582
3170,664
3171,1413
3172,1332
3173,635
3174,9
3175,1054
3176,9
3177,1766
3178,258
3179,1767
3180,151
3181,1512
3182,839
3183,9
3184,570
3185,95
3186,227
3187,802
3188,1768
3189,231
3190,579
3191,172
3192,9
3193,1769
3194,1596
3195,63
3196,38
3197,1770
3198,9
3199,31
3200,1771
3201,963
3202,1772
3203,1773
3204,1774
3205,9
3206,1207
3207,1775
3208,9
3209,1776
3210,9
3211,909
3212,76
3213,1508
3214,1777
3215,1778
3216,1779
3217,1780
3218,9
3219,9
3220,1781
3221,1781
3222,9
3223,1782
3224,1783
3225,174
3226,204
3227,1784
3228,1785
3229,1786
3230,264
3231,1787
3232,905
3233,1788
3234,123
3235,199
3236,1789
3237,509
3238,1790
3239,1791
3240,9
3241,1792
3242,9
3243,89
3244,9
3245,1793
3246,9
3247,1794
3248,1795
3249,1201
3250,1796
3251,1796
3252,9
3253,1797
3254,1798
3255,120
3256,967
3257,1062
3258,1799
3259,1800
3260,1801
3261,1802
3262,145
3263,569
3264,9
3265,123
3266,1803
3267,225
3268,1804
3269,1805
3270,127
3271,1806
3272,649
3273,1807
3274,1808
3275,1809
3276,1810
3277,1261
3278,1721
3279,1691
3280,1811
3281,819
3282,135
3283,36
3284,1033
3285,9
3286,1812
3287,1192
3288,1330
3289,1330
3290,1813
3291,9
3292,961
3293,9
3294,1814
3295,1257
3296,1815
3297,1816
3298,9
3299,1817
3300,9
3301,970
3302,1015
3303,333
3304,9
3305,1774
3306,212
3307,1818
3308,686
3309,9
3310,1819
3311,88
3312,1820
3313,1821
3314,1822
3315,1068
3316,1823
3317,1824
3318,1825
3319,1826
3320,1826
3321,1827
3322,9
3323,543
3324,9
3325,1828
3326,741
3327,1783
3328,9
3329,1802
3330,1829
3331,1830
3332,942
3333,1831
3334,9
3335,1832
3336,410
3337,1833
3338,1834
3339,9
3340,9
3341,645
3342,976
3343,1835
3344,1836
3345,410
3346,22
3347,713
3348,1837
3349,1838
3350,860
3351,563
3352,1378
3353,1839
3354,1116
3355,1840
3356,342
3357,410
3358,1254
3359,768
3360,1092
3361,1841
3362,1842
3363,1843
3364,1844
3365,1845
3366,1846
3367,1364
3368,392
3369,1847
3370,837
3371,272
3372,1276
3373,9
3374,1848
3375,1848
3376,1849
3377,1850
3378,1851
3379,1852
3380,1853
3381,9
3382,1010
3383,1854
3384,1855
3385,123
3386,1856
3387,1857
3388,9
3389,1858
3390,451
3391,9
3392,1227
3393,1859
3394,1860
3395,353
3396,1861
3397,9
3398,1862
3399,1793
3400,1863
3401,636
3402,1864
3403,1559
3404,574
3405,1865
3406,2
3407,1257
3408,1866
3409,9
3410,1867
3411,1868
3412,9
3413,9
3414,1869
3415,305
3416,1870
3417,833
3418,9
3419,1871
3420,635
3421,1872
3422,1873
3423,662
3424,1874
3425,1875
3426,592
3427,383
3428,1876
3429,9
3430,1876
3431,1877
3432,1878
3433,1403
3434,669
3435,1879
3436,428
3437,1880
3438,9
3439,1881
3440,563
3441,144
3442,1882
3443,9
3444,1883
3445,1884
3447,1027
3448,44
3449,1451
3450,9
3451,1885
3452,231
3453,9
3454,1886
3455,9
3456,9
3457,1887
3458,1888
3459,1889
3460,1890
3461,1890
3462,1891
3463,67
3464,21
3465,1892
3466,1893
3467,221
3468,324
3469,1540
3470,1540
3471,1894
3472,9
3473,1895
3474,975
3475,829
3476,1896
3477,1897
3478,1898
3479,9
3480,9
3481,1899
3482,1900
3483,1197
3484,1323
3485,786
3486,9
3487,1901
3488,1902
3489,115
3490,36
3491,1285
3492,1903
3493,9
3494,9
3495,1904
3496,9
3497,339
3498,1905
3499,1906
3500,1907
3501,631
3502,1691
3503,1908
3504,1909
3505,1910
3506,285
3507,679
3508,379
3509,1911
3510,1912
3511,1696
3512,9
3513,567
3514,1913
3515,1655
3516,443
3517,1914
3518,1530
3519,120
3520,1766
3521,1915
3522,1916
3523,1691
3524,1679
3525,1917
3526,9
3527,9
3528,676
3529,1696
3530,9
3531,9
3532,9
3533,9
3534,9
3535,1676
3536,9
3537,1831
3538,65
3539,552
3540,1918
3541,1394
3542,552
3543,97
3544,258
3545,1919
3546,9
3547,446
3548,1920
3549,650
3550,95
3551,68
3552,1921
3553,9
3554,97
3555,1922
3556,9
3557,123
3558,220
3559,1923
3560,1924
3562,949
3563,949
3564,9
3565,9
3566,1925
3567,1926
3568,589
3569,339
3570,1012
3571,1927
3572,1666
3573,9
3574,9
3575,1928
3576,9
3577,9
3578,1551
3579,9
3580,1784
3581,1929
3582,1930
3583,509
3584,1931
3585,1596
3586,9
3587,1932
3588,1933
3589,9
3590,178
3591,645
3592,853
3593,199
3594,199
3595,1934
3596,1935
3597,9
3598,1936
3599,265
3600,1937
3601,1938
3602,9
3603,1939
3604,175
3605,70
3606,1940
3607,1941
3608,144
3609,1942
3610,246
3611,1943
3612,909
3613,1944
3614,1226
3615,1938
3616,1781
3617,1945
3618,118
3619,1946
3620,1947
3621,447
3622,9
3623,1948
3624,1344
3625,1949
3626,383
3627,1950
3628,1951
3629,1952
3630,9
3631,1953
3632,511
3633,1954
3634,1955
3635,1956
3636,9
3637,1957
3638,292
3639,636
3640,1958
3641,9
3642,1959
3643,264
3644,1
3645,1960
3646,1961
3647,1541
3648,1962
3649,894
3650,292
3651,1140
3652,1963
3653,1572
3654,1964
3655,1002
3656,1965
3657,210
3658,317
3659,1594
3661,9
3662,9
3663,1966
3664,339
3665,1967
3666,1185
3667,931
3668,1968
3669,142
3670,9
3671,1437
3672,834
3673,1969
3674,1508
3675,9
3676,1920
3677,1363
3678,1970
3679,1971
3680,178
3681,9
3682,1358
3683,1358
3684,9
3685,477
3686,955
3687,607
3688,97
3689,978
3690,445
3691,9
3692,1972
3693,189
3694,9
3695,1973
3696,860
3697,9
3698,1974
3699,9
3700,505
3701,420
3702,9
3703,9
3704,1050
3705,9
3706,1691
3707,417
3708,1975
3709,360
3710,9
3711,1262
3712,1933
3713,1976
3714,9
3715,1696
3716,1761
3717,1977
3718,1978
3719,9
3720,1819
3721,1979
3722,9
3723,630
3724,1980
3725,1980
3726,1249
3727,1981
3728,1073
3729,1982
3730,61
3731,1983
3732,967
3733,1017
3734,9
3735,1984
3736,9
3737,292
3738,9
3739,1338
3740,1985
3741,1986
3742,597
3743,9
3744,1987
3745,686
3746,1988
3747,1429
3748,9
3749,9
3750,1989
3751,1990
3752,132
3753,1991
3754,9
3755,1992
3756,1993
3757,1994
3758,9
3759,1783
3760,9
3761,1995
3762,1063
3763,1996
3764,9
3765,1997
3766,1998
3767,1998
3768,1999
3769,975
3770,2000
3771,2001
3772,9
3773,2002
3774,9
3775,2003
3776,947
3777,224
3778,9
3779,9
3780,2004
3781,2005
3782,2006
3783,469
3784,2007
3785,9
3786,119
3787,74
3788,2008
3789,2009
3790,305
3791,841
3792,1086
3793,2010
3794,2011
3795,2012
3796,1249
3797,2013
3798,564
3799,961
3800,304
3801,2014
3802,9
3803,9
3804,2015
3805,2016
3806,1007
3807,1093
3808,1096
3809,394
3810,1395
3811,1566
3812,2017
3813,2018
3814,9
3815,9
3816,2019
3817,2020
3818,255
3819,255
3820,2021
3821,9
3822,9
3823,9
3824,9
3825,9
3826,55
3827,2022
3828,854
3829,9
3830,2023
3831,1147
3832,1147
3833,231
3834,150
3835,348
3836,2024
3837,2025
3838,9
3839,1555
3840,2026
3841,174
3842,2027
3843,2028
3844,579
3845,592
3846,239
3847,2029
3848,2030
3849,1097
3850,1830
3851,1596
3852,9
3853,2031
3854,9
3855,1738
3856,274
3857,2032
3858,2033
3859,2022
3860,570
3861,9
3862,870
3863,2034
3864,516
3865,2035
3866,199
3867,1868
3868,1668
3869,713
3870,2036
3871,929
3872,2037
3873,529
3874,1046
3875,2038
3876,1096
3877,1411
3878,2039
3879,1526
3880,2039
3881,1526
3882,2040
3883,113
3884,9
3885,9
3886,278
3887,1977
3888,559
3889,1486
3890,83
3891,2041
3892,166
3893,2042
3894,2043
3895,18
3896,2044
3897,9
3898,9
3899,2045
3900,357
3901,2046
3902,2047
3903,2048
3905,9
3906,2049
3907,535
3908,2050
3909,9
3910,2051
3911,2052
3912,2053
3913,2054
3914,1593
3916,9
3917,14
3918,9
3919,118
3920,9
3921,2055
3922,9
3923,9
3924,1772
3925,9
3926,9
3927,2056
3928,339
3929,1541
3930,2057
3931,9
3932,2058
3933,9
3934,1499
3935,2059
3936,2060
3937,1053
3938,2061
3939,1197
3940,2062
3941,1650
3942,1123
3943,900
3944,2063
3945,9
3946,453
3947,572
3948,2064
3949,278
3950,9
3951,68
3952,9
3953,2065
3954,9
3955,227
3956,427
3957,2066
3958,9
3959,2067
3960,9
3961,1648
3962,9
3963,9
3964,328
3965,9
3966,2068
3967,2069
3968,1145
3969,9
3970,1966
3971,1285
3972,269
3973,2070
3974,2071
3975,1857
3976,2072
3977,361
3978,2073
3979,2074
3980,2075
3981,1506
3982,794
3983,2076
3984,281
3985,2077
3986,74
3987,794
3988,1957
3989,115
3990,2078
3991,2079
3992,9
3993,397
3994,2080
3995,2081
3996,9
3997,1802
3998,1108
3999,427
4000,1616
4001,2082
4002,9
4003,2083
4004,1867
4005,2084
4006,9
4007,2085
4008,9
4009,2086
4010,158
4011,95
4012,947
4013,1856
4014,1482
4015,1534
4016,9
4017,9
4018,636
4019,820
4020,385
4021,1427
4022,656
4023,324
4024,297
4025,274
4026,1937
4027,2081
4028,1642
4029,2087
4030,2088
4031,2089
4032,1927
4033,2090
4034,9
4035,975
4036,9
4037,1525
4038,9
4039,173
4040,1584
4041,45
4042,2091
4043,2092
4044,9
4045,580
4046,9
4047,2093
4048,9
4049,2094
4050,2014
4051,95
4052,357
4053,2095
4054,992
4055,2096
4056,605
4057,776
4058,1721
4059,1678
4060,2097
4061,9
4062,9
4063,525
4064,68
4065,2098
4066,442
4067,926
4068,2099
4069,891
4070,2100
4071,9
4072,2101
4073,868
4074,1691
4075,2102
4076,2097
4077,2103
4078,2104
4079,1969
4080,400
4081,476
4082,38
4083,2105
4084,515
4085,2106
4086,1238
4087,1123
4088,2107
4089,2108
4090,2109
4091,592
4092,2110
4093,28
4094,246
4095,941
4096,120
4097,212
4098,46
4099,2111
4100,1083
4101,1506
4102,2112
4103,224
4104,432
4105,2113
4106,210
4107,2114
4108,2115
4109,2116
4110,1668
4111,131
4112,9
4113,773
4114,1010
4115,860
4116,2117
4117,860
4118,1669
4119,2118
4120,1005
4121,38
4122,9
4123,2119
4124,2119
4125,2120
4126,2121
4127,26
4128,1223
4129,2122
4130,263
4131,97
4132,182
4133,563
4134,1184
4135,300
4136,2123
4137,763
4138,2124
4139,936
4140,120
4141,2125
4142,9
4143,38
4144,1121
4145,2126
4146,9
4147,2127
4148,507
4149,2128
4150,2129
4151,1593
4152,452
4153,650
4154,387
4155,9
4156,2130
4157,2131
4158,2132
4159,9
4160,2133
4161,2134
4162,2135
4163,9
4164,1976
4165,2061
4166,1612
4167,1977
4168,2136
4169,2137
4170,819
4171,410
4172,9
4173,9
4174,2138
4175,2139
4176,67
4177,317
4178,123
4179,713
4180,36
4181,123
4182,60
4183,2140
4184,123
4185,499
4186,1435
4188,9
4189,9
4190,2141
4191,377
4192,2142
4193,9
4194,1026
4195,2143
4196,9
4197,2144
4198,9
4199,9
4200,9
4201,9
4202,1718
4203,212
4204,362
4205,2145
4206,2146
4207,9
4208,2147
4209,2006
4210,2148
4211,2149
4212,9
4213,2150
4214,1639
4215,2135
4216,2151
4217,9
4218,2152
4219,9
4220,9
4221,9
4222,2153
4223,9
4224,9
4225,2154
4226,9
4227,936
4228,936
4229,2155
4230,9
4231,204
4232,354
4233,786
4234,9
4235,2156
4236,2157
4237,9
4238,9
4239,2158
4240,2159
4241,922
4242,2160
4243,9
4244,123
4245,580
4246,183
4247,2161
4248,9
4249,2162
4250,2163
4251,9
4252,115
4253,446
4254,2164
4255,2165
4256,622
4257,377
4258,942
4259,2166
4260,1125
4261,285
4262,2167
4263,1735
4264,2168
4265,9
4266,2169
4267,2170
4268,886
4269,9
4270,123
4271,487
4272,9
4273,2171
4274,9
4275,1050
4276,1087
4277,965
4278,515
4279,1802
4280,2172
4281,2173
4282,775
4283,1007
4284,2023
4285,2174
4286,9
4287,45
4288,1452
4289,2085
4290,2175
4291,259
4292,2176
4293,2177
4294,2
4295,2178
4296,2179
4297,2180
4298,9
4299,2181
4300,2182
4301,897
4302,1696
4303,1791
4304,231
4305,1035
4306,1252
4307,288
4308,38
4309,9
4310,1749
4311,9
4312,2183
4313,9
4314,940
4315,2184
4316,2185
4317,259
4318,1229
4319,1249
4320,1690
4321,549
4322,466
4323,9
4324,2186
4325,1392
4326,2187
4327,210
4328,2188
4329,9
4330,1320
4331,2189
4332,2190
4333,2191
4334,2192
4335,305
4336,121
4337,68
4338,9
4339,353
4340,797
4341,9
4342,2193
4343,2194
4344,868
4345,584
4346,9
4347,1207
4348,407
4349,2195
4350,2196
4351,115
4352,1092
4353,200
4354,2197
4355,9
4356,2198
4357,377
4358,9
4359,107
4360,231
4361,2199
4362,9
4363,9
4364,230
4365,9
4366,1285
4367,1984
4368,259
4369,1162
4370,1187
4371,2200
4372,1498
4373,67
4374,212
4375,2201
4376,1185
4377,397
4378,2202
4379,36
4380,97
4381,2203
4382,595
4383,1335
4384,9
4385,2204
4386,237
4387,300
4388,362
4389,1499
4390,9
4391,870
4392,2205
4393,232
4394,111
4395,2206
4396,2207
4397,45
4398,2208
4399,9
4400,19
4401,2209
4402,2210
4403,9
4404,2211
4405,269
4406,2212
4407,1153
4408,259
4409,274
4410,9
4411,2213
4412,411
4413,9
4414,338
4415,1198
4416,2214
4417,2215
4418,2216
4419,2217
4420,663
4421,120
4422,786
4423,2218
4424,1650
4425,41
4426,478
4427,9
4428,596
4429,9
4430,2219
4431,247
4432,570
4433,2220
4434,2221
4435,2222
4436,2223
4437,324
4438,2224
4439,9
4440,246
4441,1407
4442,160
4443,2225
4444,1239
4445,2226
4446,9
4447,2227
4448,1033
4449,1285
4450,2228
4451,2229
4452,2230
4453,87
4454,2231
4455,1712
4456,1660
4457,9
4458,9
4459,9
4460,2232
4461,349
4462,2233
4463,9
4464,259
4465,2234
4466,19
4467,2235
4468,68
4469,1603
4470,2236
4471,9
4472,70
4473,2237
4474,9
4475,94
4476,2238
4477,2239
4478,1084
4479,2240
4480,868
4481,2241
4482,440
4483,2242
4484,2243
4485,9
4486,339
4487,2244
4488,1988
4489,447
4490,303
4491,685
4492,832
4493,111
4494,1668
4495,218
4496,2245
4497,1763
4498,2246
4499,68
4500,2247
4501,832
4502,2248
4503,2249
4504,2250
4505,461
4506,2251
4507,1629
4508,570
4509,1429
4510,1989
4511,1772
4512,115
4513,2252
4514,2253
4515,601
4516,601
4517,2254
4518,1706
4519,451
4520,2255
4521,22
4522,9
4523,2256
4524,1319
4525,1452
4526,1551
4527,9
4528,2257
4529,2258
4530,2173
4531,2259
4532,180
4533,620
4534,420
4535,55
4536,9
4537,259
4538,1223
4539,9
4540,2260
4541,9
4542,9
4543,2261
4544,2262
4545,339
4546,1010
4547,2263
4548,9
4549,2264
4550,2265
4551,466
4552,580
4553,83
4554,2266
4555,1005
4556,360
4557,9
4558,2163
4559,2267
4560,2268
4561,9
4562,2269
4563,2270
4564,2271
4565,9
4566,1930
4567,1601
4568,788
4569,1227
4570,379
4571,9
4572,2272
4573,947
4574,2273
4575,269
4576,1481
4577,1421
4578,9
4579,2274
4580,10
4581,1541
4582,341
4583,2275
4584,2276
4585,32
4586,1149
4587,589
4588,589
4589,2277
4590,2278
4591,2278
4592,9
4593,1046
4594,172
4595,2279
4596,31
4597,2280
4598,2281
4599,106
4600,2282
4601,2283
4602,683
4603,1650
4604,1667
4605,610
4606,9
4607,362
4608,9
4609,1309
4610,841
4611,1285
4612,2284
4613,2285
4614,2286
4615,2287
4616,1529
4617,2288
4618,2289
4619,2057
4620,2290
4621,2291
4622,1617
4623,2292
4624,1325
4625,9
4626,472
4627,2293
4628,222
4629,2294
4630,476
4631,801
4632,1245
4633,2295
4634,2296
4635,2297
4636,507
4637,2298
4638,983
4639,148
4640,135
4641,876
4642,2299
4643,2300
4644,9
4645,702
4646,285
4647,235
4648,1149
4649,342
4650,9
4651,2301
4652,258
4653,88
4654,2302
4655,2303
4656,2304
4658,9
4659,2305
4660,163
4661,231
4662,9
4663,991
4664,38
4665,1621
4666,1116
4667,232
4668,9
4669,2306
4670,1542
4671,1127
4672,286
4673,1140
4674,2307
4675,1616
4676,392
4677,392
4678,2308
4679,2309
4680,1046
4681,1464
4682,258
4683,115
4684,85
4685,2130
4686,95
4687,2310
4688,2311
4689,1368
4690,1368
4691,9
4692,379
4693,1810
4694,9
4695,755
4696,9
4697,38
4698,212
4699,955
4700,9
4701,9
4702,1625
4703,909
4704,411
4705,80
4706,2312
4707,9
4708,2282
4709,2313
4710,9
4711,961
4712,967
4713,9
4714,2268
4715,2314
4716,2162
4717,246
4718,2315
4719,1837
4720,2316
4721,965
4722,965
4723,259
4724,608
4725,303
4726,173
4727,379
4728,2317
4729,822
4730,1233
4731,2230
4732,2318
4733,1335
4734,63
4735,9
4736,1159
4737,2319
4738,231
4739,9
4740,2320
4741,570
4742,120
4743,2321
4744,1566
4745,1566
4746,578
4747,983
4748,2322
4749,538
4750,2323
4751,2324
4752,2161
4753,715
4754,165
4755,9
4756,2325
4757,344
4758,1349
4759,2326
4760,511
4761,9
4762,2326
4763,267
4764,447
4765,264
4766,2327
4767,68
4768,2136
4769,545
4770,1370
4771,158
4772,2328
4773,787
4774,2329
4775,893
4776,123
4777,2330
4778,2331
4779,1169
4780,1885
4781,150
4782,199
4783,2332
4784,1770
4785,2333
4786,158
4787,446
4788,259
4789,797
4790,1092
4791,2162
4792,2334
4793,949
4794,2335
4795,123
4796,398
4797,9
4798,2336
4799,1779
4800,306
4801,2337
4802,9
4803,340
4804,2338
4805,2339
4806,446
4807,485
4808,9
4809,2340
4810,1815
4811,1709
4812,9
4813,2341
4814,159
4815,2342
4816,2343
4817,173
4818,983
4819,9
4820,9
4821,293
4822,293
4823,2344
4824,9
4825,2345
4826,1507
4827,786
4828,286
4829,264
4830,1120
4831,0
4832,221
4833,9
4834,9
4835,2346
4836,2347
4837,2348
4838,9
4839,1981
4840,1324
4841,216
4842,9
4843,802
4844,2349
4845,947
4846,150
4847,9
4848,9
4849,1721
4850,9
4851,2350
4852,173
4853,2351
4854,648
4855,1511
4856,9
4857,2025
4858,1125
4859,213
4860,1452
4861,2352
4862,1100
4863,538
4864,360
4865,199
4866,2353
4867,1010
4868,2354
4869,2355
4870,2356
4872,420
4873,1427
4874,120
4875,9
4876,9
4877,2357
4878,1977
4879,2358
4880,1092
4881,258
4882,120
4883,1977
4885,2359
4886,9
4887,528
4888,993
4889,2360
4890,9
4891,324
4892,324
4893,227
4894,2361
4895,1306
4896,1403
4897,2064
4898,2362
4899,2363
4900,2364
4901,1293
4902,1529
4903,2365
4904,1015
4905,9
4906,9
4907,792
4908,93
4909,2366
4910,2367
4911,2368
4912,2369
4913,140
4914,264
4915,9
4916,2370
4917,227
4918,2371
4919,9
4920,9
4921,9
4922,9
4923,797
4924,9
4925,2372
4926,2372
4927,9
4928,2373
4929,9
4930,2177
4931,2374
4932,9
4933,2375
4934,451
4935,1021
4936,967
4937,9
4938,9
4939,637
4940,2376
4941,1027
4942,9
4943,9
4944,2377
4945,13
4947,2378
4948,2379
4949,2380
4950,2381
4951,2382
4952,983
4953,9
4954,9
4955,983
4956,9
4957,2383
4958,2384
4959,410
4960,68
4961,65
4962,2385
4963,280
4964,788
4965,9
4966,569
4967,850
4968,2386
4969,2387
4970,1323
4971,1321
4972,2388
4973,2389
4974,204
4975,2390
4976,1710
4977,817
4978,123
4979,9
4980,2391
4981,2392
4982,123
4983,1334
4984,2393
4985,1604
4986,1334
4987,635
4988,2394
4989,702
4990,2395
4991,769
4992,9
4993,2396
4994,2397
4995,2398
4996,1255
4997,9
4998,274
4999,2399
5000,2400
5001,788
5002,220
5003,183
5004,274
5005,686
5006,1996
5007,1666
5008,9
5009,2401
5010,9
5011,2402
5012,228
5013,2403
5014,917
5015,397
5016,2404
5017,9
5018,212
5019,690
5020,2405
5021,2406
5022,82
5023,292
5024,1200
5025,735
5026,2407
5027,976
5028,463
5029,1366
5030,242
5031,1157
5032,264
5033,2408
5034,1142
5035,286
5036,83
5037,2409
5038,259
5039,420
5040,2410
5041,1226
5042,2411
5043,2320
5044,656
5045,2278
5046,1183
5047,636
5048,339
5049,2412
5050,2413
5051,252
5052,9
5053,1815
5054,2414
5055,183
5056,362
5057,362
5058,2415
5059,570
5060,2416
5061,1220
5062,2417
5063,2418
5064,1127
5065,9
5066,222
5067,761
5068,2419
5069,199
5070,2420
5071,1260
5072,9
5073,2421
5074,438
5075,2422
5076,2423
5077,2424
5078,27
5079,328
5080,1999
5081,998
5082,2348
5083,258
5084,624
5085,9
5086,165
5087,9
5088,544
5089,2425
5090,94
5091,9
5092,2219
5093,1473
5094,1239
5095,2392
5096,213
5097,1378
5098,2426
5099,2427
5100,1693
5101,511
5102,82
5103,2428
5104,2429
5105,2430
5106,569
5107,2431
5108,879
5109,365
5110,1644
5111,864
5112,2432
5113,2433
5114,2434
5115,63
5116,2435
5117,2436
5118,2437
5119,180
5120,166
5121,2438
5122,808
5123,570
5124,401
5125,2439
5126,388
5127,2440
5128,621
5129,306
5130,1255
5131,713
5132,379
5133,510
5134,417
5135,987
5136,1266
5137,1075
5138,2441
5139,9
5140,144
5141,2442
5142,1698
5143,172
5144,2443
5145,2444
5146,2445
5147,2444
5148,2446
5149,278
5150,2447
5151,44
5152,2448
5153,588
5154,802
5155,2449
5156,342
5157,2025
5158,252
5159,252
5160,2450
5161,763
5162,2334
5163,211
5164,1470
5165,421
5166,975
5167,2451
5168,2452
5169,476
5170,1516
5171,2453
5172,591
5173,9
5174,377
5175,2454
5176,2397
5177,2455
5178,2353
5179,144
5180,259
5181,1969
5182,1783
5183,999
5184,2456
5185,1042
5186,68
5187,9
5188,182
5189,545
5190,1668
5191,2457
5192,2458
5193,2459
5194,529
5195,1650
5196,9
5197,146
5198,1005
5199,324
5200,55
5201,1050
5202,840
5203,1116
5204,9
5205,2460
5206,2461
5207,2462
5208,545
5209,2463
5210,2464
5211,173
5212,389
5213,74
5214,2465
5215,2466
5216,447
5217,2279
5218,2467
5219,726
5220,889
5221,2468
5222,484
5223,2057
5224,2469
5225,1271
5226,447
5227,38
5228,2470
5229,2471
5230,1086
5231,922
5232,1530
5233,9
5234,1238
5235,717
5236,67
5237,480
5238,2472
5239,1116
5240,168
5241,2473
5242,1725
5243,996
5244,2474
5245,2475
5246,469
5247,18
5248,2476
5249,1768
5250,2477
5251,82
5252,1385
5253,434
5254,592
5255,2478
5256,2479
5257,9
5258,2480
5259,2481
5260,259
5261,1226
5262,264
5263,1999
5264,2482
5265,2483
5266,9
5267,111
5268,2484
5269,2485
5270,2486
5271,2487
5272,1511
5273,987
5274,2488
5275,258
5276,300
5277,2489
5278,2490
5279,9
5280,2491
5281,2492
5282,2493
5283,9
5284,2354
5285,2479
5286,9
5287,909
5288,863
5289,9
5290,1499
5291,1962
5292,2139
5293,860
5294,168
5295,1738
5296,2494
5297,339
5298,9
5299,839
5300,2495
5301,2496
5302,94
5303,2497
5304,168
5305,1857
5306,326
5307,855
5308,2498
5309,1090
5310,1278
5311,173
5312,2499
5313,2043
5314,2500
5315,9
5316,2501
5317,1226
5318,2502
5319,9
5320,264
5321,9
5322,2503
5323,2504
5324,1819
5325,2438
5326,713
5327,274
5328,2505
5329,1302
5330,0
5331,1768
5332,2506
5333,1364
5334,2507
5335,210
5336,115
5337,1329
5338,124
5339,1891
5340,2457
5341,2508
5342,1060
5343,9
5344,9
5345,2428
5346,303
5347,1585
5348,9
5349,2049
5350,9
5351,1995
5352,2509
5353,1177
5354,259
5355,1074
5356,2510
5357,802
5358,1691
5359,2511
5360,650
5361,1862
5362,833
5364,9
5365,909
5366,1906
5367,9
5368,2402
5369,204
5370,2090
5371,2512
5372,802
5373,9
5374,499
5375,839
5376,1160
5377,839
5378,909
5379,2513
5380,2205
5381,1721
5382,2514
5383,2410
5384,2515
5385,9
5386,9
5388,231
5389,589
5390,975
5391,921
5392,9
5393,2516
5394,975
5395,975
5396,339
5397,2517
5398,9
5399,2518
5400,2519
5401,636
5402,9
5403,9
5404,2520
5405,749
5406,9
5407,9
